student_id,attendance_pct,attendance_drop,avg_marks,marks_trend,fee_delay_days,missed_installments,consecutive_absences,dropped_out
S0001,74.8,1.0,65.5,-1.0,11.6,0,1,0
S0002,84.8,-4.0,72.4,-4.9,19.5,1,0,0
S0003,87.4,11.0,67.0,8.5,2.0,0,2,0
S0004,79.1,2.7,49.4,0.2,3.8,1,0,0
S0005,77.8,21.9,51.6,8.6,72.9,0,7,0
S0006,72.2,9.1,80.1,3.7,4.1,1,2,0
S0007,96.3,-1.0,64.0,5.2,7.4,0,1,0
S0008,79.5,2.6,64.5,5.2,9.3,0,0,0
S0009,44.0,33.4,51.9,-7.6,27.0,1,4,1
S0010,84.7,10.6,54.4,2.8,7.5,0,0,0
S0011,93.2,5.2,71.9,3.2,6.9,0,1,0
S0012,84.6,3.9,52.0,3.7,2.4,0,2,0
S0013,84.8,2.0,67.2,4.1,1.7,1,1,0
S0014,80.3,2.7,54.0,7.5,14.2,0,1,0
S0015,86.0,9.5,54.6,2.3,6.6,0,1,0
S0016,61.7,18.1,58.3,-9.0,13.2,0,5,0
S0017,78.7,1.0,68.7,1.3,0.6,1,0,0
S0018,43.6,9.9,52.4,3.0,7.0,1,8,1
S0019,80.1,0.2,43.9,-6.9,0.0,1,0,0
S0020,100.0,-4.0,60.8,-6.9,2.3,0,1,0
S0021,84.3,-0.8,73.5,6.6,2.6,0,2,0
S0022,97.4,10.5,70.3,9.6,8.8,1,1,0
S0023,83.4,2.0,42.2,-4.3,2.4,0,1,0
S0024,87.1,6.5,70.5,2.5,5.8,0,0,0
S0025,74.4,-5.0,72.4,0.0,6.3,0,1,0
S0026,52.7,8.9,54.4,3.4,4.6,0,2,0
S0027,86.7,2.2,60.1,3.5,13.9,0,0,0
S0028,44.8,5.6,62.5,-0.2,23.8,2,5,1
S0029,68.6,17.4,47.3,1.3,52.5,3,4,1
S0030,96.1,0.5,54.8,0.5,6.3,0,0,0
S0031,90.1,-5.0,76.8,1.3,4.2,0,2,0
S0032,98.0,7.6,35.4,-3.6,0.4,0,2,0
S0033,84.5,4.2,62.6,5.9,8.4,0,2,0
S0034,100.0,1.4,85.1,-0.1,2.2,0,0,0
S0035,81.1,-1.8,68.1,-0.1,4.7,0,1,0
S0036,48.5,3.0,69.6,-10.0,5.5,0,9,0
S0037,68.5,10.2,46.5,-8.9,5.0,2,2,0
S0038,100.0,11.1,48.8,6.2,6.0,1,0,0
S0039,74.0,15.9,43.3,5.7,71.7,2,5,1
S0040,82.3,-3.9,69.2,-5.0,0.2,0,1,0
S0041,95.0,4.1,69.2,0.5,2.0,0,0,0
S0042,90.5,2.7,54.6,2.3,10.3,0,1,0
S0043,100.0,7.3,69.2,-4.2,5.5,0,1,0
S0044,72.6,6.0,54.2,-4.9,3.0,0,1,0
S0045,82.9,-5.0,82.2,2.9,2.7,0,0,0
S0046,81.3,5.7,100.0,-1.8,8.5,1,3,0
S0047,69.2,-2.0,73.8,-5.3,1.5,0,1,0
S0048,63.4,5.9,39.6,-0.4,2.8,0,7,1
S0049,82.8,2.1,37.6,-1.2,3.1,1,0,1
S0050,65.9,18.8,39.9,-2.1,87.5,2,3,1
S0051,65.0,11.9,62.6,-10.3,6.3,1,8,0
S0052,71.7,12.6,34.2,-4.0,39.4,0,1,0
S0053,81.6,6.8,63.5,0.9,9.4,0,0,1
S0054,85.9,3.2,75.9,-11.3,3.0,0,1,0
S0055,92.9,-1.3,85.8,-3.7,9.2,0,2,0
S0056,80.5,-1.9,65.6,1.4,5.9,0,1,0
S0057,80.0,8.1,63.1,3.8,2.6,0,0,0
S0058,93.5,-4.6,68.9,-6.9,5.3,0,2,0
S0059,59.6,11.7,55.6,-14.1,10.3,2,5,1
S0060,36.9,0.1,30.5,-0.7,32.5,0,4,1
S0061,75.2,2.5,72.9,3.2,5.7,0,4,0
S0062,97.0,-5.0,70.2,1.9,1.5,0,0,0
S0063,88.2,2.3,93.6,5.7,0.8,0,2,0
S0064,78.9,6.1,73.3,7.3,10.6,0,1,0
S0065,83.6,-3.7,81.8,4.3,2.1,1,0,0
S0066,85.1,5.5,55.1,6.3,15.8,1,1,0
S0067,90.9,3.4,74.3,0.2,7.9,0,0,0
S0068,74.1,-0.2,59.3,16.1,0.9,0,0,0
S0069,34.1,8.4,57.7,-6.4,10.4,3,1,1
S0070,87.2,-5.0,76.3,-0.6,6.7,1,1,0
S0071,71.8,21.3,45.9,-0.3,32.8,3,7,1
S0072,89.6,11.1,96.9,5.8,10.3,1,4,0
S0073,75.2,10.2,85.1,4.4,5.7,0,1,0
S0074,47.7,2.0,70.2,-19.7,9.0,0,3,1
S0075,92.1,13.9,55.5,-6.2,37.1,1,2,1
S0076,50.6,16.9,55.9,1.6,51.8,0,1,1
S0077,74.5,6.7,90.5,-12.3,20.4,1,1,0
S0078,84.2,5.7,84.4,8.2,12.7,0,0,0
S0079,78.3,-1.0,56.1,-8.2,12.2,0,1,0
S0080,84.4,6.8,61.2,3.3,0.5,0,1,0
S0081,95.1,13.7,74.7,-0.8,11.9,1,0,0
S0082,84.0,2.7,82.8,4.9,1.4,0,1,0
S0083,77.9,-3.7,54.2,3.6,2.6,2,1,0
S0084,62.5,6.3,42.4,-3.9,13.5,2,6,0
S0085,83.1,18.5,31.9,-8.3,80.7,2,6,1
S0086,60.7,14.2,70.7,-13.0,90.6,3,3,1
S0087,88.9,7.4,78.2,1.1,4.2,0,1,0
S0088,89.2,0.3,100.0,4.5,3.0,0,0,0
S0089,71.7,15.1,59.8,-13.2,3.7,1,6,0
S0090,96.4,2.2,59.2,2.8,12.8,0,1,0
S0091,42.1,22.0,53.6,-12.7,54.4,1,4,1
S0092,77.5,1.0,64.1,2.5,13.3,0,1,0
S0093,77.8,-3.0,56.7,15.1,3.0,0,2,0
S0094,84.4,12.9,73.6,10.2,9.1,0,1,0
S0095,81.4,2.5,73.4,-12.9,1.0,0,2,0
S0096,75.9,6.2,62.4,2.3,7.5,0,0,0
S0097,81.5,0.3,91.8,6.7,1.4,0,0,0
S0098,74.8,17.7,69.9,-10.3,18.1,1,0,0
S0099,75.3,20.3,43.8,-5.9,44.0,1,0,0
S0100,82.5,8.5,75.7,0.7,1.3,0,0,0
S0101,94.4,0.4,78.7,4.8,5.8,0,2,0
S0102,86.6,-1.4,83.3,-3.7,6.9,0,0,0
S0103,52.6,16.5,39.5,-11.3,73.3,1,7,1
S0104,86.4,5.5,80.6,1.7,4.1,0,1,0
S0105,82.7,11.2,60.0,-2.7,13.1,0,1,0
S0106,85.0,4.8,79.0,7.6,7.1,0,0,0
S0107,87.1,6.2,78.9,-5.7,4.4,0,0,0
S0108,66.3,15.4,53.5,3.5,37.7,1,2,0
S0109,74.2,19.1,66.5,-14.0,11.7,1,6,0
S0110,78.2,-1.8,57.1,12.7,0.4,0,1,0
S0111,91.9,-2.4,77.9,-1.4,1.0,0,0,0
S0112,60.9,27.1,58.3,-11.3,34.8,0,5,1
S0113,72.4,7.0,73.9,-0.9,6.9,0,1,0
S0114,91.2,4.5,80.7,4.3,0.5,0,1,0
S0115,43.6,22.4,49.8,-15.9,117.5,1,6,1
S0116,78.1,-5.0,62.8,13.4,9.3,0,0,0
S0117,84.9,13.3,55.1,9.0,4.3,0,1,0
S0118,71.2,-1.5,61.7,2.9,8.4,0,0,0
S0119,74.9,13.3,62.1,-2.5,13.9,2,1,0
S0120,93.4,-4.2,59.8,10.1,2.9,2,0,0
S0121,81.3,-1.1,59.1,0.2,3.1,0,2,0
S0122,76.1,-5.0,64.7,-1.3,1.5,0,0,0
S0123,71.7,15.2,58.7,-10.3,120.0,1,9,1
S0124,80.8,-2.5,90.5,-4.3,0.1,1,2,0
S0125,62.3,11.6,64.5,0.9,7.4,2,5,1
S0126,90.9,-3.9,72.1,0.8,0.5,0,3,0
S0127,75.7,6.9,61.1,5.7,10.3,0,1,0
S0128,77.2,26.0,37.4,-13.1,61.1,3,4,1
S0129,50.2,0.3,34.6,-9.0,36.4,1,2,1
S0130,92.8,-0.4,49.1,-6.0,2.6,0,0,0
S0131,44.6,20.8,37.6,-17.6,58.2,2,3,1
S0132,79.7,-3.4,70.2,2.4,4.2,0,1,0
S0133,92.5,1.3,80.9,-0.8,6.3,0,2,0
S0134,78.7,0.4,46.6,-0.3,7.0,0,1,0
S0135,99.6,5.3,61.4,3.9,2.2,0,1,0
S0136,70.3,20.9,33.1,-11.8,20.4,2,6,1
S0137,95.6,8.0,64.8,-1.9,0.8,0,0,0
S0138,79.7,-1.2,80.9,2.4,5.8,0,1,0
S0139,100.0,8.0,62.6,6.8,1.2,0,1,0
S0140,49.1,29.1,62.0,-3.4,38.7,1,0,1
S0141,76.9,1.4,85.5,1.9,20.7,0,1,0
S0142,80.8,-0.5,73.5,1.8,1.2,0,3,0
S0143,91.2,0.2,58.9,-4.6,0.1,0,4,0
S0144,93.4,11.7,69.9,2.8,14.3,0,0,0
S0145,84.4,4.5,58.1,2.2,2.1,0,1,0
S0146,83.0,15.5,59.7,-1.8,46.0,1,1,1
S0147,91.1,1.7,74.2,-3.9,4.0,1,2,0
S0148,86.1,15.2,51.6,2.0,17.7,0,0,1
S0149,74.7,9.5,70.1,8.9,11.0,1,0,0
S0150,58.6,10.5,49.8,-7.7,21.1,2,6,1
S0151,86.9,1.6,74.5,8.4,9.5,0,1,0
S0152,94.7,1.9,78.0,-3.9,7.3,0,1,0
S0153,63.4,10.6,65.3,1.0,37.2,1,2,1
S0154,91.2,-0.5,64.4,-0.4,11.6,1,2,0
S0155,54.5,9.6,29.9,-4.0,16.7,0,2,1
S0156,91.0,10.3,57.5,-1.9,3.8,0,0,0
S0157,100.0,-5.0,67.2,-14.5,23.0,0,4,0
S0158,83.8,-2.6,29.7,0.3,3.3,0,1,0
S0159,78.4,0.6,67.2,5.6,11.5,1,0,0
S0160,75.0,0.8,58.1,3.4,29.0,1,1,0
S0161,72.1,5.2,59.7,-10.5,77.7,1,4,1
S0162,86.5,8.0,44.3,3.1,3.9,0,0,0
S0163,74.7,14.5,47.8,-0.5,10.0,1,6,0
S0164,80.5,20.8,54.3,-1.4,9.3,0,7,0
S0165,86.9,1.6,55.6,0.6,7.5,2,0,0
S0166,89.5,-4.3,72.9,2.4,1.2,0,2,0
S0167,84.7,6.9,61.3,10.7,6.3,0,2,0
S0168,88.3,5.5,67.6,2.7,0.4,0,0,0
S0169,79.2,9.4,75.1,2.2,11.4,0,0,0
S0170,88.0,1.9,79.4,2.5,2.5,0,2,0
S0171,46.9,-0.1,63.4,-4.1,31.0,2,3,0
S0172,79.6,3.9,58.2,-0.2,14.4,0,0,0
S0173,66.0,6.8,45.0,-8.4,22.9,0,4,0
S0174,80.0,-4.4,75.6,-0.5,3.2,1,1,0
S0175,68.0,16.5,62.5,-6.9,26.3,3,1,1
S0176,79.2,4.4,49.4,-11.5,17.9,4,2,0
S0177,95.1,-2.3,63.4,2.5,6.8,1,2,0
S0178,93.5,-5.0,66.8,4.9,3.6,0,0,0
S0179,89.3,2.3,55.9,0.9,1.2,0,2,0
S0180,100.0,10.2,45.8,-8.0,2.8,0,3,0
S0181,83.5,11.4,74.2,5.0,9.7,0,0,0
S0182,100.0,4.8,79.6,2.6,2.9,0,3,0
S0183,83.2,12.8,46.5,-3.0,8.3,2,1,0
S0184,87.0,2.8,72.4,5.9,3.6,0,1,0
S0185,81.8,7.8,81.0,-5.0,5.0,0,0,0
S0186,88.0,0.7,75.2,7.2,10.0,0,0,0
S0187,91.7,0.4,63.0,1.7,5.9,0,0,0
S0188,80.4,7.9,67.9,-10.8,5.4,4,7,0
S0189,99.2,-5.0,69.0,2.9,2.2,0,6,0
S0190,54.3,12.1,25.5,-17.1,7.3,0,4,1
S0191,87.2,-0.2,69.1,-0.8,1.4,0,2,0
S0192,81.8,21.9,30.1,-2.0,14.9,1,2,0
S0193,71.5,17.4,49.7,-9.2,2.6,1,4,0
S0194,83.9,2.0,73.1,-0.4,6.6,0,2,0
S0195,60.7,15.2,58.2,-2.0,15.8,0,6,0
S0196,42.1,13.3,42.9,1.4,0.0,2,5,1
S0197,100.0,-5.0,69.3,0.8,2.9,0,2,0
S0198,82.9,1.2,88.2,-1.7,0.8,0,4,0
S0199,74.5,9.0,50.4,-4.0,20.8,0,5,0
S0200,79.4,7.9,83.4,5.9,4.3,0,0,0
S0201,84.6,4.4,59.2,-4.5,7.9,0,0,0
S0202,89.4,-0.2,81.3,2.7,10.2,0,0,0
S0203,89.4,3.4,82.8,-0.9,4.3,0,1,0
S0204,89.2,8.4,38.7,-21.7,44.2,1,7,0
S0205,80.7,34.2,42.9,-10.5,12.9,2,2,0
S0206,54.3,21.1,64.0,-6.9,9.6,4,2,0
S0207,67.1,24.4,48.3,-11.7,20.2,4,8,0
S0208,80.0,-5.0,63.5,3.2,6.3,0,1,0
S0209,67.9,28.8,62.0,4.0,1.9,4,1,1
S0210,75.5,13.4,79.1,1.5,16.9,0,0,0
S0211,93.5,9.6,55.3,6.4,4.5,0,0,0
S0212,90.5,-5.0,66.3,-6.3,13.7,1,2,0
S0213,65.9,18.5,63.5,-14.7,105.4,2,3,1
S0214,85.3,-3.0,61.9,-2.8,0.2,0,1,0
S0215,91.2,11.6,96.3,-3.3,11.1,0,2,0
S0216,70.9,4.2,70.8,3.3,0.5,0,0,0
S0217,77.8,17.1,47.3,-6.4,27.6,2,1,0
S0218,69.1,20.4,41.9,-4.4,70.2,2,4,1
S0219,90.0,-5.0,63.6,8.6,26.6,0,1,0
S0220,88.0,-2.4,80.1,6.6,7.0,0,0,0
S0221,77.1,3.2,48.0,-7.7,2.8,1,0,0
S0222,73.0,7.2,62.6,-5.4,13.8,0,1,0
S0223,79.3,-5.0,80.6,5.0,2.2,0,2,0
S0224,89.5,1.1,86.8,0.6,3.2,1,2,0
S0225,55.0,8.8,40.3,-10.2,27.7,1,0,0
S0226,74.1,-4.3,57.3,5.1,0.7,1,0,0
S0227,56.5,3.7,53.2,-15.7,33.5,0,9,0
S0228,79.2,3.3,60.5,-3.1,0.4,0,0,0
S0229,82.1,11.6,64.8,4.5,8.0,0,2,0
S0230,76.2,9.3,39.8,-10.6,49.1,2,5,1
S0231,56.5,22.9,53.2,0.5,31.3,0,3,0
S0232,78.4,7.3,44.4,4.1,16.2,0,1,0
S0233,85.7,-3.6,52.4,-2.1,0.2,0,2,0
S0234,75.6,1.9,68.1,6.0,2.8,1,0,0
S0235,84.1,0.7,45.6,13.2,9.1,0,0,0
S0236,93.5,2.3,64.4,0.9,0.7,1,0,1
S0237,74.6,7.2,51.3,4.8,4.4,1,3,0
S0238,83.3,5.8,87.7,-0.2,6.9,0,2,0
S0239,39.7,22.6,43.6,-2.5,25.7,0,0,1
S0240,66.9,14.1,58.5,4.0,40.0,3,4,1
S0241,80.4,10.5,71.1,2.0,0.4,0,0,0
S0242,94.3,-1.2,56.5,2.2,0.6,0,2,0
S0243,66.0,-0.5,18.5,-13.1,38.4,1,4,1
S0244,93.8,2.0,89.6,-7.0,6.3,1,0,0
S0245,88.4,2.7,62.4,0.6,2.9,0,0,0
S0246,82.3,-5.0,64.6,8.4,0.0,0,1,0
S0247,88.8,10.1,56.7,0.8,7.9,0,1,0
S0248,87.6,-0.9,81.8,1.1,3.7,0,1,0
S0249,93.2,8.1,28.8,-2.2,5.8,0,1,0
S0250,80.6,-0.1,62.7,-2.7,0.9,0,2,0
S0251,85.3,-0.1,67.4,-7.1,0.5,0,1,0
S0252,84.5,9.1,60.1,-1.1,4.2,0,2,0
S0253,90.6,8.0,78.4,-2.9,3.9,1,2,0
S0254,62.4,6.9,40.9,-4.9,38.4,3,4,1
S0255,49.8,9.3,40.6,-3.5,30.9,1,1,1
S0256,88.7,1.6,93.1,-0.4,2.0,1,0,0
S0257,74.5,3.0,50.9,-0.3,6.2,0,3,0
S0258,56.6,11.1,64.6,-4.2,67.3,0,2,1
S0259,72.5,16.3,48.6,-12.6,16.4,2,0,1
S0260,93.0,-0.5,62.0,-3.3,7.0,0,1,0
S0261,78.7,-5.0,33.0,-2.3,10.0,2,5,0
S0262,85.7,1.4,67.6,7.3,3.2,0,1,0
S0263,71.7,3.1,70.5,2.6,1.1,0,2,1
S0264,90.9,11.1,23.1,-12.8,36.9,1,0,0
S0265,87.0,3.1,65.2,1.4,1.3,0,0,0
S0266,65.4,23.0,71.0,-9.6,32.6,1,5,1
S0267,50.8,11.4,47.2,-5.9,15.6,2,5,1
S0268,56.6,5.5,69.4,-7.7,31.6,2,4,0
S0269,65.0,16.6,58.4,-13.7,39.5,4,1,1
S0270,64.5,11.4,35.9,-13.8,52.8,1,0,1
S0271,62.7,12.8,46.2,-19.6,86.3,1,2,1
S0272,63.6,11.7,48.3,-25.7,45.4,0,5,1
S0273,61.0,31.9,37.6,-7.8,64.1,0,2,0
S0274,92.0,12.0,41.5,-2.6,1.8,0,1,0
S0275,81.1,2.2,73.6,-0.6,13.4,0,3,0
S0276,89.4,1.8,68.1,-0.5,5.0,1,0,0
S0277,93.8,2.1,77.8,6.0,1.1,0,0,0
S0278,90.9,-3.6,76.6,2.7,7.1,0,2,0
S0279,92.3,-2.2,66.0,2.5,0.3,0,0,0
S0280,75.8,0.3,70.1,4.7,1.8,1,0,0
S0281,58.6,11.8,42.2,-8.4,32.1,1,8,1
S0282,84.7,13.1,57.4,-8.1,30.4,0,3,0
S0283,71.1,13.2,23.4,-5.5,2.0,0,1,0
S0284,45.6,13.4,55.7,-3.0,0.6,2,2,0
S0285,88.9,10.8,67.7,0.9,7.8,0,2,0
S0286,87.7,9.3,62.2,8.2,9.3,0,1,0
S0287,55.9,20.0,61.1,-13.6,1.0,1,3,0
S0288,74.2,0.5,66.1,6.7,10.6,1,0,1
S0289,92.0,12.1,83.6,-1.1,4.6,1,0,0
S0290,76.5,0.0,34.8,-3.1,6.5,3,4,0
S0291,94.2,1.7,82.6,5.3,4.4,0,1,0
S0292,55.3,16.0,52.4,-18.2,16.1,1,2,1
S0293,73.8,8.0,75.6,6.1,3.9,0,1,0
S0294,56.1,2.6,49.8,-14.5,35.5,2,6,0
S0295,82.0,4.1,56.9,-2.4,0.5,1,3,0
S0296,87.7,7.6,52.9,1.6,3.8,0,1,0
S0297,79.8,-2.8,67.2,-0.7,5.3,0,1,0
S0298,98.2,3.1,77.7,3.7,0.0,0,2,0
S0299,78.0,-2.6,48.7,11.4,4.9,0,0,0
S0300,82.3,-1.9,59.3,0.1,1.2,1,0,0
S0301,85.9,0.2,74.9,4.7,2.1,0,1,0
S0302,53.1,36.9,37.6,-6.3,1.1,1,4,1
S0303,87.6,1.4,85.0,2.1,4.1,1,1,0
S0304,97.9,-0.2,51.1,1.2,4.1,0,0,1
S0305,81.1,3.3,96.2,-2.3,15.1,0,0,0
S0306,88.2,-2.7,49.5,3.7,10.7,0,0,0
S0307,63.0,5.1,43.7,0.6,6.3,0,1,0
S0308,84.7,8.7,67.3,-2.5,10.5,0,0,0
S0309,51.2,2.0,53.2,-3.0,21.9,1,5,0
S0310,100.0,26.8,49.2,-4.9,25.1,1,4,0
S0311,93.7,4.9,67.1,0.9,3.6,2,3,1
S0312,82.4,-5.0,65.7,8.7,5.4,0,1,0
S0313,45.9,11.3,46.9,2.0,28.5,0,2,1
S0314,82.0,18.5,73.2,8.4,6.7,1,0,0
S0315,69.7,2.4,64.2,-2.4,3.7,0,2,0
S0316,75.9,2.4,81.2,3.1,4.7,0,1,1
S0317,92.7,6.7,65.8,-0.9,4.0,1,6,0
S0318,68.1,11.2,56.4,-2.6,21.8,0,1,1
S0319,48.3,13.4,49.2,-4.0,15.3,4,1,0
S0320,81.8,-5.0,65.9,11.3,3.1,1,1,0
S0321,98.9,5.8,52.8,0.9,5.1,1,1,0
S0322,91.1,15.9,51.8,3.7,4.4,1,0,0
S0323,80.5,6.1,74.3,2.3,1.2,0,0,0
S0324,95.4,-2.8,46.7,10.7,6.4,0,0,0
S0325,79.1,4.4,84.9,-8.6,2.9,0,0,0
S0326,93.1,-3.4,69.9,3.9,0.2,0,1,0
S0327,74.1,9.2,67.5,-1.6,5.7,0,1,0
S0328,93.6,-1.8,55.6,-9.8,8.9,0,2,1
S0329,81.8,3.4,77.2,0.2,0.8,1,0,0
S0330,78.2,18.6,45.4,-6.5,15.5,0,2,0
S0331,83.3,0.3,59.8,-1.3,4.1,0,1,0
S0332,63.9,-5.0,29.9,-17.3,74.5,0,5,0
S0333,81.0,3.5,47.8,8.0,7.2,0,0,0
S0334,89.4,0.2,48.4,1.9,8.0,0,1,0
S0335,38.1,23.1,65.2,4.2,11.8,1,3,0
S0336,90.0,-5.0,72.2,-6.6,5.0,0,0,0
S0337,59.4,16.8,42.5,-9.3,26.7,1,6,1
S0338,84.5,3.6,80.6,6.5,14.3,2,2,0
S0339,56.1,10.4,68.8,-13.2,4.5,2,7,1
S0340,86.2,0.2,74.9,3.8,5.2,0,0,0
S0341,63.4,14.2,57.3,-6.8,10.9,0,4,0
S0342,100.0,-0.6,56.7,13.0,3.0,0,2,0
S0343,92.5,1.8,72.6,-0.2,2.5,0,1,0
S0344,92.8,-2.4,67.2,10.0,7.8,0,2,0
S0345,100.0,8.0,60.5,2.7,1.7,0,0,0
S0346,89.1,13.5,68.5,10.5,2.8,0,2,0
S0347,88.9,-5.0,66.4,-4.1,2.0,0,3,0
S0348,64.0,9.2,55.1,-9.2,37.8,2,9,0
S0349,76.9,9.3,63.0,0.0,6.2,1,3,1
S0350,77.5,13.5,54.9,-6.1,7.3,0,2,0
S0351,81.0,5.8,68.9,8.1,46.3,0,1,0
S0352,36.4,10.9,37.9,-10.3,24.7,0,2,1
S0353,83.6,3.4,55.8,8.1,1.1,0,1,0
S0354,86.1,5.8,65.1,-1.4,7.8,0,1,0
S0355,93.7,11.8,76.8,-2.1,16.3,0,2,0
S0356,91.9,12.7,70.2,2.1,6.9,0,0,0
S0357,83.7,2.7,61.6,1.8,5.9,0,2,0
S0358,79.6,0.3,61.1,1.1,2.6,0,1,0
S0359,94.1,-1.6,75.6,-2.8,1.9,0,2,0
S0360,91.2,7.9,39.2,8.0,10.8,0,0,0
S0361,72.1,-3.9,77.6,0.2,1.8,0,0,0
S0362,74.8,8.6,62.9,5.0,107.4,0,4,1
S0363,81.1,25.8,52.0,-7.1,49.0,1,2,0
S0364,73.0,9.3,70.6,-2.8,37.7,2,6,1
S0365,92.3,4.4,94.0,4.8,6.7,0,0,0
S0366,87.3,15.8,88.1,-2.1,1.9,1,2,0
S0367,89.7,2.4,76.5,3.8,4.5,0,0,1
S0368,85.5,0.8,72.3,11.6,0.5,0,0,0
S0369,79.6,8.1,45.7,3.3,18.1,0,1,0
S0370,82.9,4.2,69.9,6.5,7.7,0,0,0
S0371,85.2,10.2,61.4,5.5,6.6,0,2,0
S0372,64.8,-1.6,77.6,-13.5,9.9,2,4,1
S0373,69.9,1.8,69.9,2.9,0.1,0,3,0
S0374,81.8,-5.0,62.3,4.7,23.5,0,1,0
S0375,72.1,1.1,65.5,-21.6,20.5,3,1,0
S0376,65.2,8.1,34.6,-8.4,11.3,0,5,1
S0377,83.0,4.9,68.9,3.2,4.0,0,1,0
S0378,88.9,-3.8,57.5,1.1,2.9,0,0,0
S0379,76.4,9.3,63.1,0.0,6.9,0,0,0
S0380,72.0,3.2,71.7,8.5,14.7,0,0,0
S0381,82.2,1.8,54.6,-1.7,7.6,0,0,0
S0382,91.1,-1.2,70.0,-5.0,1.9,0,2,0
S0383,98.5,6.1,65.5,6.0,1.4,0,1,0
S0384,91.3,-1.0,60.1,-5.1,2.8,0,2,0
S0385,73.3,-1.9,62.4,-7.6,6.9,0,2,0
S0386,83.1,8.9,66.1,6.5,4.1,0,1,0
S0387,87.1,4.8,58.8,2.8,7.0,1,3,0
S0388,86.4,1.8,68.1,4.4,12.5,0,2,0
S0389,58.6,8.1,30.5,-5.8,34.5,1,2,0
S0390,77.7,3.0,60.7,-4.9,4.2,0,5,0
S0391,85.5,4.9,87.1,-3.9,6.7,0,0,0
S0392,67.2,12.4,66.2,7.4,40.5,0,1,0
S0393,91.6,13.4,63.4,-4.4,24.9,0,2,0
S0394,78.6,0.1,69.8,3.5,6.7,0,1,0
S0395,70.7,12.1,44.9,-14.8,30.2,1,7,1
S0396,63.4,2.1,62.8,2.9,1.2,0,1,0
S0397,80.0,7.0,64.2,2.8,20.7,0,2,0
S0398,78.6,8.9,50.2,-3.1,23.1,3,4,0
S0399,76.8,8.7,72.6,4.5,2.9,0,2,0
S0400,86.3,-1.2,61.9,0.3,2.8,1,1,0
S0401,84.6,8.4,63.7,2.9,0.3,0,1,0
S0402,66.9,12.2,61.2,3.2,9.8,0,0,0
S0403,86.7,1.7,100.0,-10.1,3.9,0,0,0
S0404,78.3,18.1,45.3,0.1,3.2,2,5,0
S0405,88.9,0.4,43.2,2.7,2.9,0,1,0
S0406,74.7,1.3,48.8,4.8,3.7,0,3,0
S0407,61.1,6.8,47.8,-2.7,0.7,1,2,0
S0408,82.7,-2.0,84.0,0.4,0.2,1,0,0
S0409,58.8,31.2,61.4,-3.0,38.0,2,2,0
S0410,86.0,11.1,83.3,5.7,1.4,0,2,0
S0411,83.0,6.1,76.9,-5.0,4.3,0,0,0
S0412,72.7,13.6,65.7,-2.6,10.5,0,1,1
S0413,55.4,3.2,49.7,-8.3,6.3,1,1,1
S0414,80.3,3.6,70.2,-1.1,0.7,0,2,0
S0415,49.1,5.7,49.9,-18.1,50.8,0,4,1
S0416,38.4,10.4,59.3,-9.2,29.1,1,2,1
S0417,74.2,21.5,44.7,-10.1,22.8,2,6,1
S0418,82.8,6.4,65.9,5.6,1.1,0,0,0
S0419,84.0,18.2,39.4,-4.4,13.3,3,1,1
S0420,82.8,2.7,71.0,0.8,6.9,0,1,0
S0421,86.8,1.0,78.4,1.0,0.0,1,1,0
S0422,83.9,16.2,61.1,2.3,26.8,1,7,0
S0423,57.6,9.0,50.8,-2.7,15.8,0,3,1
S0424,65.4,11.8,69.8,-12.5,67.2,0,4,1
S0425,84.4,5.6,78.8,-0.2,1.4,1,1,0
S0426,88.4,13.4,76.6,5.0,1.2,0,0,0
S0427,49.1,15.8,42.0,-10.2,25.3,1,3,0
S0428,81.0,-4.5,59.7,4.0,2.2,0,2,0
S0429,42.1,12.6,32.0,-11.1,13.8,1,7,1
S0430,80.9,5.1,67.2,-1.5,0.2,1,1,0
S0431,76.4,2.6,64.3,-7.2,7.5,0,1,0
S0432,71.2,-4.0,100.0,5.6,7.5,0,0,0
S0433,78.6,4.9,49.5,-1.9,1.5,0,0,0
S0434,76.6,2.9,79.5,0.6,11.7,0,1,0
S0435,60.3,7.2,71.5,-6.9,13.8,2,4,0
S0436,55.9,13.3,40.4,-0.4,25.2,2,6,1
S0437,42.3,18.9,32.8,-10.6,11.0,1,6,1
S0438,82.9,-3.3,56.5,-0.2,10.2,0,0,0
S0439,70.1,-2.1,59.3,0.0,10.3,0,1,0
S0440,81.0,6.6,67.8,2.4,23.7,1,1,0
S0441,88.2,8.4,57.8,8.2,4.5,0,0,0
S0442,79.0,14.6,61.0,-1.7,2.3,1,2,0
S0443,79.3,3.1,61.6,-6.1,1.7,0,2,0
S0444,62.2,15.5,43.2,-7.0,26.4,4,4,1
S0445,72.7,30.8,40.3,-2.7,14.0,2,2,0
S0446,75.0,7.2,46.3,1.5,0.0,0,0,0
S0447,90.7,0.8,65.3,1.9,6.3,0,3,0
S0448,98.4,1.8,49.2,3.0,5.2,0,1,0
S0449,57.4,9.9,35.3,-8.0,12.6,1,3,1
S0450,84.7,-0.2,49.6,1.1,1.6,1,2,0
S0451,53.1,7.8,57.7,-9.2,0.7,2,7,1
S0452,68.8,3.4,73.0,-1.5,2.3,0,0,0
S0453,86.0,-2.0,61.0,-3.1,26.6,1,0,0
S0454,23.2,5.3,28.0,-3.6,0.1,2,1,1
S0455,80.7,23.6,35.7,-0.2,21.4,1,4,0
S0456,21.3,14.8,43.8,-14.3,30.9,3,2,1
S0457,85.9,9.8,65.6,0.3,1.7,0,3,0
S0458,92.6,2.3,65.5,9.2,0.8,1,1,0
S0459,86.1,12.5,76.5,1.8,1.4,1,0,0
S0460,94.8,2.5,73.5,2.9,1.7,0,2,0
S0461,85.1,2.8,58.1,-8.7,11.5,0,0,0
S0462,78.4,20.6,64.5,-5.4,46.4,2,8,1
S0463,93.5,-5.0,65.3,2.5,5.3,0,1,0
S0464,77.2,4.0,77.0,-1.3,9.3,0,2,0
S0465,100.0,2.8,54.0,2.9,0.5,0,0,0
S0466,88.0,10.4,92.2,2.9,0.4,0,0,0
S0467,88.0,7.8,58.9,-3.3,7.5,1,0,0
S0468,89.2,-2.7,67.9,3.7,3.1,0,0,0
S0469,76.1,26.0,24.6,-6.8,63.4,1,6,1
S0470,91.3,1.7,52.4,0.9,7.3,0,1,0
S0471,72.2,-1.5,57.5,-2.3,0.8,1,1,0
S0472,96.2,4.0,56.4,1.1,3.2,1,0,0
S0473,51.9,27.9,61.7,-11.7,41.4,0,3,0
S0474,82.1,18.3,40.5,-15.8,42.8,3,2,1
S0475,45.1,10.9,64.2,-6.5,13.9,3,3,1
S0476,89.2,4.0,58.6,-1.4,3.7,0,0,0
S0477,79.8,7.5,57.3,3.2,1.4,0,0,0
S0478,85.8,8.5,63.3,-0.8,33.3,0,1,0
S0479,82.7,6.9,79.9,-0.8,6.8,0,0,0
S0480,100.0,10.1,70.6,9.6,29.9,1,0,0
S0481,100.0,6.0,66.8,-5.0,8.6,0,2,0
S0482,65.3,9.8,56.9,6.6,2.1,4,1,0
S0483,85.5,9.2,54.3,10.7,2.1,1,0,0
S0484,82.0,2.5,52.7,5.4,2.1,0,0,0
S0485,58.7,12.7,48.1,-15.5,36.8,2,3,0
S0486,82.4,11.6,74.4,-4.4,7.0,0,0,0
S0487,81.6,11.1,57.7,-1.8,7.8,1,1,1
S0488,51.3,16.8,50.5,-7.4,12.2,2,5,1
S0489,80.7,0.7,58.1,3.1,13.3,0,1,0
S0490,84.7,10.3,57.4,-4.4,2.6,1,0,0
S0491,72.3,7.0,73.5,-2.4,1.3,0,0,0
S0492,90.6,4.6,64.5,-2.1,24.2,0,1,0
S0493,100.0,1.4,93.0,1.1,4.0,0,1,0
S0494,90.8,4.7,83.0,11.9,3.9,0,0,0
S0495,96.7,2.9,83.7,-2.7,0.2,0,0,0
S0496,78.2,-0.3,76.1,-2.9,9.4,0,0,0
S0497,86.9,3.6,62.9,-3.7,4.6,0,1,0
S0498,77.5,4.3,75.2,5.2,2.5,1,0,0
S0499,83.2,1.1,63.8,1.8,33.5,0,0,0
S0500,91.2,7.5,87.6,-2.5,5.4,0,0,0
S0501,85.8,9.4,72.9,0.2,3.1,0,3,0
S0502,73.7,7.8,71.1,-2.0,10.6,0,1,0
S0503,74.5,1.6,69.5,3.5,16.1,0,1,0
S0504,74.0,6.8,88.9,15.4,0.8,0,0,0
S0505,88.9,3.4,50.8,4.8,27.3,0,0,0
S0506,100.0,-3.2,90.1,1.5,24.9,0,0,0
S0507,95.9,6.4,65.8,-1.3,16.0,0,2,0
S0508,69.8,3.7,51.1,-4.7,0.9,0,1,0
S0509,96.4,16.0,59.0,5.7,4.1,1,0,0
S0510,75.2,16.7,70.7,4.7,9.2,1,2,1
S0511,60.7,12.6,51.0,-11.2,28.4,0,5,1
S0512,82.6,4.2,55.5,8.1,1.5,0,0,0
S0513,65.5,21.9,46.5,-0.8,19.9,2,3,0
S0514,87.8,-5.0,58.6,2.0,45.7,1,4,0
S0515,74.5,-5.0,59.9,3.5,2.9,0,1,0
S0516,74.8,9.0,48.3,-0.8,19.0,1,2,0
S0517,67.9,2.8,52.4,-2.8,43.9,0,2,0
S0518,83.2,-5.0,63.3,1.3,3.2,0,0,0
S0519,86.1,23.0,59.9,-19.5,15.3,4,3,0
S0520,85.1,1.8,77.3,-0.5,5.8,0,1,0
S0521,81.0,1.9,64.8,4.2,2.2,0,1,0
S0522,92.1,-0.3,60.7,-3.4,15.6,1,4,0
S0523,64.4,0.3,50.1,-8.1,85.6,1,4,1
S0524,95.5,11.6,69.6,3.6,4.4,0,0,0
S0525,53.0,2.5,54.7,-13.0,9.8,1,8,1
S0526,93.7,0.2,74.4,0.9,14.3,0,3,0
S0527,90.9,2.7,56.6,6.7,2.2,0,1,0
S0528,87.1,2.9,56.5,-4.3,6.5,0,3,0
S0529,85.7,-0.8,72.4,-3.4,15.7,0,2,0
S0530,83.1,-0.8,54.0,1.7,0.2,0,1,0
S0531,75.3,8.1,76.7,12.7,17.2,0,3,1
S0532,77.4,0.9,67.8,-1.4,0.4,0,4,0
S0533,82.7,-2.5,46.1,4.5,0.8,0,1,0
S0534,86.9,2.8,69.3,3.3,20.7,1,1,0
S0535,65.2,17.4,42.4,-3.8,68.6,4,4,1
S0536,69.5,22.6,43.4,-3.8,15.0,0,5,0
S0537,93.0,2.8,65.0,-0.2,21.2,0,2,0
S0538,62.7,20.2,32.8,5.2,13.7,1,6,1
S0539,56.6,14.4,55.5,-8.4,83.3,3,6,1
S0540,89.8,14.1,55.3,1.9,0.6,0,1,0
S0541,83.1,9.3,43.8,6.5,2.4,0,1,0
S0542,95.6,10.2,58.9,2.3,4.5,0,0,0
S0543,90.1,17.0,53.3,7.5,3.5,0,0,0
S0544,75.5,6.8,89.9,4.9,8.6,0,2,0
S0545,44.3,15.9,52.5,-5.7,0.2,3,2,0
S0546,98.2,7.9,79.2,-1.1,7.8,0,2,0
S0547,83.6,0.2,64.6,-0.4,11.4,0,2,0
S0548,48.4,17.4,39.7,-9.7,1.7,1,4,1
S0549,89.4,-0.2,67.6,0.7,13.5,1,0,0
S0550,76.7,5.0,81.3,2.7,4.6,2,1,0
S0551,89.1,-0.3,71.7,10.6,4.9,0,1,0
S0552,88.9,3.8,27.9,-1.1,48.9,1,2,0
S0553,73.2,2.7,51.9,-12.1,1.7,0,2,0
S0554,93.6,2.3,64.5,-5.2,12.7,1,1,1
S0555,86.3,16.8,39.0,2.3,1.4,1,3,0
S0556,66.2,10.6,65.0,-8.0,12.2,1,9,0
S0557,63.6,6.5,57.6,-6.8,32.0,0,0,0
S0558,84.5,-1.4,69.2,4.7,1.0,0,2,0
S0559,85.1,5.1,69.2,1.1,10.0,0,0,0
S0560,90.3,4.1,63.2,5.6,8.4,0,0,0
S0561,64.2,7.8,69.5,-0.3,74.4,1,2,0
S0562,52.9,22.7,30.9,-6.8,74.1,0,4,1
S0563,82.5,8.4,73.6,-3.6,0.0,0,2,0
S0564,72.3,6.0,75.7,6.0,17.2,0,0,0
S0565,77.6,4.0,65.2,0.6,0.4,0,3,0
S0566,97.5,8.5,79.4,1.4,6.4,0,0,0
S0567,88.1,7.6,67.1,0.8,13.9,0,0,0
S0568,27.6,12.6,61.9,-10.2,19.7,1,3,1
S0569,72.7,9.4,70.4,4.3,9.1,0,0,0
S0570,84.1,-5.0,51.7,7.3,0.8,0,0,0
S0571,97.5,1.5,70.8,9.0,14.8,0,1,0
S0572,83.5,1.5,49.5,3.7,6.9,0,1,0
S0573,95.5,8.8,55.7,10.6,2.8,0,3,0
S0574,87.8,10.9,43.8,2.5,8.7,0,0,0
S0575,88.8,-4.3,65.9,7.4,0.4,0,0,0
S0576,74.3,10.1,87.3,4.1,9.3,0,1,0
S0577,92.5,-2.9,66.6,-0.7,2.7,0,1,0
S0578,82.3,-2.7,75.7,2.9,0.1,0,1,0
S0579,91.9,1.8,96.2,4.5,4.8,1,2,0
S0580,78.5,1.4,72.8,1.8,6.1,0,2,0
S0581,86.4,-4.8,58.8,4.1,4.6,0,1,0
S0582,87.8,6.2,60.5,6.3,0.3,0,3,0
S0583,90.8,17.0,59.8,-1.3,92.1,3,3,1
S0584,88.2,8.3,60.4,-12.7,1.6,1,1,0
S0585,82.9,0.8,61.3,10.4,4.4,0,1,0
S0586,79.8,2.8,79.8,0.5,3.7,0,2,0
S0587,73.2,21.2,12.3,-7.0,13.0,1,3,0
S0588,93.4,11.4,48.2,-3.6,2.0,0,0,0
S0589,65.4,14.0,64.3,-0.3,6.6,1,0,0
S0590,48.3,22.2,63.0,-5.4,6.8,1,6,1
S0591,79.1,3.0,75.2,-1.7,1.1,1,0,0
S0592,75.5,-2.4,81.7,-1.4,7.8,2,0,0
S0593,93.3,1.7,100.0,4.6,8.1,0,1,0
S0594,71.4,2.4,62.4,12.2,1.7,0,1,0
S0595,69.1,14.2,45.9,0.8,24.2,1,5,0
S0596,72.2,13.9,51.5,3.6,66.0,2,3,1
S0597,83.3,6.1,59.8,0.1,4.8,0,0,0
S0598,88.3,1.8,66.3,2.5,24.3,0,2,0
S0599,89.6,0.7,63.0,4.1,7.6,0,1,0
S0600,78.4,2.2,36.5,-1.3,21.4,2,0,1
S0601,90.7,3.0,69.5,-0.1,4.0,0,2,0
S0602,85.9,-5.0,65.8,6.3,0.3,0,1,0
S0603,75.0,5.3,83.3,7.5,3.0,0,0,0
S0604,83.6,0.7,68.1,2.3,4.4,2,1,0
S0605,96.1,9.3,52.9,-4.0,17.4,0,3,0
S0606,98.4,6.0,64.9,0.5,6.6,0,0,0
S0607,90.7,8.9,42.9,-5.2,4.2,0,1,1
S0608,63.5,21.1,35.9,-12.8,14.7,2,3,1
S0609,88.9,1.1,75.6,3.3,2.1,0,1,0
S0610,91.8,-3.2,65.0,0.6,2.7,0,0,0
S0611,90.8,-0.5,79.1,3.2,1.2,0,2,0
S0612,91.3,9.3,44.4,4.1,2.3,1,1,0
S0613,87.9,10.4,65.1,3.3,1.2,0,1,0
S0614,84.4,-2.7,62.3,-4.0,2.8,0,2,0
S0615,64.8,23.9,77.8,-5.2,47.7,0,5,0
S0616,69.8,2.6,76.1,4.0,8.6,1,1,0
S0617,87.7,5.9,75.7,9.9,20.8,1,0,0
S0618,86.5,-5.0,86.5,0.6,3.4,0,1,0
S0619,33.8,20.8,58.0,-4.9,4.7,2,5,1
S0620,51.2,8.5,82.2,-0.5,3.2,2,7,1
S0621,90.2,-5.0,55.5,1.0,0.7,0,3,0
S0622,100.0,0.8,55.0,7.7,13.7,0,3,0
S0623,85.6,3.8,77.0,8.0,0.3,0,0,0
S0624,84.5,5.1,49.9,8.9,2.4,0,0,0
S0625,87.5,2.3,74.9,4.3,4.1,0,1,0
S0626,100.0,1.2,69.2,13.8,0.1,0,0,0
S0627,76.8,7.2,80.9,-1.1,6.6,0,1,0
S0628,57.4,8.1,58.0,-11.4,2.3,2,2,0
S0629,78.6,-0.2,68.7,5.8,4.4,0,2,0
S0630,80.6,3.2,74.1,8.7,4.7,1,1,0
S0631,84.6,4.9,60.0,0.4,1.2,0,2,0
S0632,95.8,11.6,59.5,6.2,3.2,0,0,0
S0633,65.8,3.3,59.0,-7.4,47.8,0,8,0
S0634,88.6,9.1,67.6,-3.4,22.2,0,2,0
S0635,65.3,18.1,33.1,-10.2,1.5,2,3,1
S0636,75.0,12.0,41.7,-5.6,26.6,2,5,1
S0637,81.6,1.8,87.1,1.1,6.2,0,0,0
S0638,80.4,2.3,62.7,-2.1,4.2,0,0,0
S0639,70.8,-2.0,62.3,0.9,8.5,0,1,0
S0640,96.2,9.3,47.5,16.6,2.4,0,0,0
S0641,92.7,7.4,67.5,10.6,16.4,0,2,0
S0642,100.0,1.5,75.9,-5.2,10.8,0,0,0
S0643,54.0,22.3,34.3,-10.7,120.0,0,4,1
S0644,74.8,12.9,67.4,-6.9,6.1,2,4,0
S0645,85.6,6.6,79.5,0.3,3.0,0,2,0
S0646,91.4,-3.7,76.8,2.9,0.6,0,1,0
S0647,83.6,21.1,59.3,-3.3,19.8,0,4,0
S0648,96.7,2.7,79.8,-4.7,4.2,0,1,0
S0649,91.3,6.1,86.8,-3.2,4.2,0,2,0
S0650,67.0,18.9,39.3,0.6,10.5,1,5,1
S0651,90.2,-5.0,52.1,2.5,10.5,0,0,0
S0652,78.9,-2.4,76.0,-1.5,7.9,0,0,0
S0653,80.4,2.7,77.4,-2.0,1.7,0,2,0
S0654,66.8,20.4,39.2,-12.1,29.4,1,3,0
S0655,70.2,11.4,83.4,6.4,6.1,0,0,0
S0656,91.9,5.9,91.3,1.6,3.3,0,1,0
S0657,94.5,3.4,75.4,10.1,3.3,0,0,0
S0658,65.5,12.4,35.6,-15.5,20.1,1,4,1
S0659,87.8,8.5,51.4,3.0,0.0,0,0,0
S0660,82.9,0.0,71.7,0.2,7.6,0,2,0
S0661,71.8,15.4,53.3,-12.4,69.4,3,0,1
S0662,80.0,-2.4,70.5,-1.9,1.8,0,1,1
S0663,52.7,11.4,43.1,-8.8,0.3,0,3,0
S0664,64.9,13.3,39.7,-11.3,3.0,1,6,0
S0665,84.5,-0.5,66.8,10.6,34.0,0,2,0
S0666,100.0,2.4,79.2,2.4,3.9,0,3,0
S0667,85.4,5.5,35.3,4.8,24.3,0,1,0
S0668,77.6,1.7,70.3,8.7,11.1,0,2,0
S0669,69.9,16.1,61.2,-4.2,23.3,0,1,0
S0670,90.0,-0.3,90.4,-1.7,3.6,0,0,0
S0671,65.4,6.5,39.4,-16.9,28.4,2,6,1
S0672,94.5,1.2,88.2,11.3,17.7,0,0,0
S0673,79.8,0.7,70.0,-2.4,2.4,0,0,0
S0674,84.0,-3.7,68.0,12.6,3.6,0,0,0
S0675,83.6,3.4,74.4,3.9,7.5,0,1,0
S0676,74.7,2.1,68.0,-0.2,0.4,1,3,0
S0677,82.9,1.4,58.6,-2.5,13.2,0,1,0
S0678,95.7,4.0,61.8,0.9,4.3,0,1,0
S0679,68.5,9.3,55.9,5.8,92.0,3,2,1
S0680,74.2,6.5,74.3,-0.1,1.5,0,1,0
S0681,62.7,12.5,57.4,-9.2,4.6,2,5,0
S0682,59.3,-5.0,63.8,-7.9,12.5,2,3,0
S0683,100.0,10.1,56.2,-4.4,11.8,1,4,0
S0684,79.8,-2.2,74.1,0.9,1.6,0,1,0
S0685,82.8,0.0,77.4,-1.2,5.9,0,1,0
S0686,73.2,3.1,54.4,0.4,3.3,0,0,0
S0687,96.4,-0.9,52.5,3.8,4.6,1,2,0
S0688,81.9,3.5,79.5,2.4,10.9,0,0,0
S0689,95.9,-1.8,51.5,-1.5,16.1,0,0,0
S0690,85.4,-5.0,74.6,2.6,2.3,0,1,0
S0691,63.1,27.0,55.1,-12.5,65.1,2,6,1
S0692,87.1,0.6,87.4,-3.7,10.2,0,0,0
S0693,52.1,14.4,40.4,-10.1,60.3,2,5,1
S0694,90.8,-2.5,76.5,4.9,5.4,0,0,0
S0695,90.0,5.1,95.0,4.9,2.6,0,1,0
S0696,87.8,9.9,40.0,0.9,8.1,0,1,0
S0697,83.1,1.0,62.4,5.4,6.5,0,1,0
S0698,100.0,1.9,78.2,-2.9,0.9,0,0,0
S0699,77.7,8.4,64.0,-2.7,2.8,0,0,0
S0700,53.6,-2.9,47.4,-1.4,29.4,0,6,0
S0701,56.7,13.6,42.5,-7.8,26.3,2,2,1
S0702,88.2,15.2,69.6,2.8,10.3,0,1,0
S0703,82.2,26.9,35.0,-12.5,27.9,1,5,1
S0704,87.5,2.5,61.7,9.7,9.2,0,1,0
S0705,72.5,6.8,78.4,-16.2,29.9,3,3,0
S0706,72.3,1.7,71.3,13.2,0.5,1,1,0
S0707,85.1,0.9,58.7,-0.6,0.1,0,0,0
S0708,76.2,7.1,79.4,-3.1,3.4,0,1,0
S0709,71.1,2.4,75.8,1.2,6.8,1,0,1
S0710,86.1,-1.6,81.2,0.8,2.5,0,2,0
S0711,88.9,2.1,54.5,-2.0,3.6,1,0,0
S0712,89.2,5.6,47.6,15.0,4.0,0,0,0
S0713,89.5,-2.9,67.9,3.6,0.3,0,0,0
S0714,69.5,-5.0,100.0,4.3,6.5,0,1,0
S0715,74.1,13.0,83.2,-0.3,4.0,0,3,0
S0716,64.7,12.5,33.9,-11.5,100.0,3,2,1
S0717,76.6,2.3,73.1,7.1,2.9,0,3,0
S0718,71.1,25.1,47.9,-3.2,6.5,2,6,0
S0719,79.5,5.7,51.6,-3.7,16.8,0,2,0
S0720,85.6,11.9,84.4,0.8,17.5,0,2,0
S0721,79.9,5.9,66.0,8.8,5.7,0,2,0
S0722,89.5,-4.6,66.9,0.1,2.9,0,1,0
S0723,37.9,13.5,55.4,-5.0,14.3,0,5,0
S0724,81.4,1.0,81.7,2.1,0.1,0,2,0
S0725,39.6,5.4,48.4,-8.6,19.8,0,4,1
S0726,64.2,15.8,34.2,-7.6,28.2,1,3,0
S0727,62.3,18.9,72.9,-3.7,29.7,1,6,0
S0728,57.4,14.0,36.1,-10.4,85.9,0,4,1
S0729,100.0,10.5,64.4,6.6,4.0,0,0,0
S0730,95.8,12.1,82.2,-2.1,0.1,1,3,0
S0731,90.7,1.8,74.9,2.1,12.8,0,2,0
S0732,51.0,18.1,72.2,-10.6,3.3,2,7,1
S0733,50.0,16.6,57.3,-13.9,7.3,0,7,1
S0734,74.4,6.1,96.9,-4.4,1.3,1,0,0
S0735,66.4,25.3,64.4,-9.6,0.3,4,3,1
S0736,78.7,-2.4,72.8,2.6,2.3,1,0,0
S0737,61.5,14.6,52.1,-7.3,0.3,1,6,0
S0738,83.7,0.7,79.5,0.3,1.0,0,3,0
S0739,76.5,1.4,67.3,-7.4,2.6,0,2,0
S0740,75.2,7.7,88.6,0.1,4.6,1,1,0
S0741,56.4,16.0,54.8,-9.5,52.9,1,5,0
S0742,61.5,10.2,27.9,-9.6,13.5,1,3,1
S0743,79.1,-3.6,75.1,1.6,12.6,0,0,0
S0744,72.5,4.5,39.3,-13.9,1.0,0,3,1
S0745,89.2,-2.1,74.5,-2.1,16.4,0,0,0
S0746,83.1,3.0,71.1,10.1,1.6,0,2,0
S0747,83.6,0.5,72.3,12.3,3.7,0,1,0
S0748,89.8,1.3,65.5,2.8,14.8,0,0,0
S0749,83.9,7.0,59.6,15.0,31.5,0,1,0
S0750,82.8,10.5,64.0,-1.4,0.7,0,2,0
S0751,75.1,17.0,50.0,-5.2,20.3,1,4,0
S0752,90.3,1.0,78.1,-1.5,1.0,2,1,0
S0753,82.1,9.6,57.7,6.1,5.4,0,6,0
S0754,85.6,-0.9,65.4,13.6,3.0,0,0,0
S0755,78.7,-2.0,75.8,0.6,16.0,1,1,0
S0756,64.2,8.3,55.3,-16.2,17.9,1,2,0
S0757,91.2,0.8,46.7,-2.5,2.4,1,1,0
S0758,88.6,4.2,66.9,7.7,5.0,1,2,0
S0759,54.9,21.1,60.9,-12.5,3.7,1,6,1
S0760,87.2,2.8,68.6,-0.4,4.0,1,3,0
S0761,85.4,10.6,84.1,-7.4,1.2,0,2,0
S0762,53.2,-1.8,42.0,0.3,0.9,2,7,0
S0763,65.2,24.8,38.3,-14.7,6.7,1,4,1
S0764,52.9,17.1,73.1,-18.8,52.1,4,6,1
S0765,84.2,5.3,61.6,2.3,6.8,0,2,0
S0766,67.3,17.1,44.5,-5.1,37.2,0,9,0
S0767,66.1,14.4,57.5,-4.3,27.6,2,7,0
S0768,72.1,11.8,32.4,-8.2,58.0,1,2,0
S0769,94.6,16.9,41.3,-4.2,2.3,2,3,1
S0770,87.0,-5.0,96.0,-0.9,5.5,0,1,0
S0771,70.8,20.9,55.9,-12.0,17.9,1,4,1
S0772,90.6,2.5,69.0,-5.4,0.4,0,0,0
S0773,100.0,1.3,53.4,-5.5,5.7,0,0,0
S0774,82.0,-3.8,68.5,-6.6,4.6,0,0,0
S0775,51.1,9.0,47.9,-9.2,87.8,1,3,1
S0776,81.4,6.4,50.1,-5.8,1.7,1,3,0
S0777,81.1,11.9,100.0,11.7,3.2,0,0,0
S0778,62.7,16.7,53.0,-13.0,5.9,0,4,1
S0779,79.6,0.0,62.1,10.7,2.8,1,1,0
S0780,81.2,-2.0,79.6,0.2,1.5,0,0,0
S0781,81.2,20.8,34.7,-8.8,9.3,0,1,0
S0782,78.9,10.4,81.5,8.4,2.3,0,1,0
S0783,71.3,-0.9,53.6,9.0,0.8,0,2,0
S0784,90.1,10.4,70.6,-2.5,19.7,0,1,0
S0785,100.0,5.6,45.4,0.3,1.6,1,4,0
S0786,82.1,4.6,78.8,-2.5,4.9,0,1,0
S0787,71.7,1.5,48.4,1.4,21.2,1,2,0
S0788,92.2,6.3,58.4,2.5,3.1,0,1,0
S0789,79.2,2.9,68.0,0.2,23.8,0,0,0
S0790,95.4,1.2,73.3,-7.1,20.8,0,2,0
S0791,49.5,13.2,41.3,-9.3,12.4,2,5,0
S0792,79.9,2.3,86.2,5.5,0.2,0,0,0
S0793,83.6,-1.0,76.7,1.0,2.1,0,0,0
S0794,30.7,25.8,67.1,-0.2,0.7,1,6,1
S0795,78.5,20.3,47.4,-5.0,11.1,2,4,1
S0796,81.0,5.4,88.4,-1.1,0.7,0,2,0
S0797,68.6,17.9,57.5,-17.7,13.9,2,4,1
S0798,67.5,4.1,40.4,-8.9,27.6,0,0,0
S0799,88.2,11.7,92.3,5.6,4.1,0,0,0
S0800,70.7,10.7,74.2,2.2,2.5,0,0,0
S0801,81.4,7.4,80.4,3.2,8.0,0,0,0
S0802,91.1,1.1,31.0,-1.7,13.8,0,1,0
S0803,87.4,1.5,65.7,0.2,1.6,0,3,0
S0804,89.7,9.9,81.2,2.0,4.8,1,0,0
S0805,70.7,6.1,50.5,-7.8,21.4,1,5,0
S0806,75.1,13.2,53.4,-2.0,120.0,2,3,1
S0807,92.4,12.4,64.5,4.3,9.9,0,1,0
S0808,61.0,-2.0,34.7,-16.7,14.9,1,6,0
S0809,92.4,11.8,73.0,3.4,13.7,0,3,0
S0810,91.0,-4.0,45.4,-7.6,2.5,0,1,0
S0811,69.8,21.0,56.3,-3.0,31.4,0,4,1
S0812,48.7,22.9,56.0,-1.6,18.0,1,5,0
S0813,88.4,3.1,62.3,12.1,10.6,0,3,0
S0814,89.4,1.7,74.3,9.4,12.2,1,1,0
S0815,65.8,8.7,64.7,-7.7,15.9,3,2,0
S0816,77.5,8.4,70.9,5.6,0.3,0,1,0
S0817,77.7,-0.9,54.2,-1.0,1.0,1,0,0
S0818,88.7,2.5,75.5,2.0,1.2,0,1,0
S0819,84.4,-3.2,48.3,5.4,7.8,0,1,1
S0820,36.2,29.8,55.3,1.0,20.2,1,4,1
S0821,81.3,1.8,55.2,-8.5,50.3,2,0,0
S0822,70.2,2.8,65.5,2.4,3.5,0,1,0
S0823,79.5,6.0,45.1,-7.8,35.3,0,6,0
S0824,95.8,10.7,60.2,0.2,9.3,0,1,0
S0825,99.6,1.2,90.6,-6.0,13.6,0,1,0
S0826,69.1,17.0,60.9,-13.7,7.8,3,1,1
S0827,82.4,-5.0,70.8,9.4,5.2,0,0,0
S0828,95.9,7.9,59.9,-3.7,22.3,2,2,0
S0829,99.2,-4.3,80.0,2.8,7.2,0,2,0
S0830,41.9,28.2,56.1,-16.8,38.0,1,2,1
S0831,81.2,6.7,73.3,-0.3,1.6,0,0,0
S0832,97.4,1.1,76.8,-1.9,3.3,0,3,0
S0833,82.0,4.8,46.1,4.4,4.4,1,0,0
S0834,90.8,-0.6,46.6,1.5,3.2,0,3,0
S0835,73.2,3.3,67.1,4.2,2.3,0,0,0
S0836,83.6,12.6,65.6,3.7,8.9,0,2,0
S0837,71.7,1.3,75.0,-0.1,2.7,0,1,0
S0838,76.6,4.9,68.2,-5.3,13.4,0,0,0
S0839,91.7,-4.8,75.0,-5.7,1.7,0,0,0
S0840,84.6,10.6,53.1,17.1,6.8,0,3,0
S0841,57.1,7.9,64.5,-2.2,19.6,0,6,1
S0842,79.0,8.3,51.9,8.7,7.0,1,0,0
S0843,83.2,2.4,72.6,-1.4,5.2,0,0,0
S0844,87.4,6.1,45.5,2.0,6.0,0,1,0
S0845,69.2,26.1,31.8,-14.5,22.4,2,8,1
S0846,64.0,0.7,50.4,-4.6,2.0,0,1,0
S0847,78.3,8.5,63.4,-0.9,7.5,0,2,0
S0848,86.3,-0.8,78.7,8.6,3.8,0,5,0
S0849,82.1,24.8,43.4,-13.6,11.8,1,6,0
S0850,88.2,1.0,48.3,-2.9,3.7,1,0,1
S0851,75.6,6.1,33.2,-4.3,7.8,1,6,0
S0852,67.9,5.7,51.6,-4.0,47.0,1,7,0
S0853,80.8,3.2,47.7,-0.9,1.9,0,3,0
S0854,83.0,-2.4,69.4,2.4,1.4,0,1,0
S0855,70.9,13.8,42.1,-15.0,8.0,3,3,1
S0856,79.1,3.2,73.3,4.0,3.8,0,0,0
S0857,84.5,0.3,75.2,3.3,7.9,1,0,0
S0858,86.5,2.7,67.9,-1.3,16.5,0,3,0
S0859,97.5,3.7,64.7,-0.8,5.2,0,0,0
S0860,82.6,-0.1,55.1,-3.7,2.7,1,2,0
S0861,92.7,2.4,62.7,-5.8,17.4,0,1,0
S0862,94.9,-2.0,52.1,1.4,4.7,0,0,0
S0863,84.5,14.7,57.9,6.1,7.4,0,4,0
S0864,83.3,8.3,69.1,-4.9,3.9,1,0,0
S0865,30.6,14.2,42.7,-5.8,56.5,0,10,1
S0866,83.0,8.9,100.0,5.9,2.9,0,0,0
S0867,91.8,-5.0,51.9,-7.2,7.7,0,1,1
S0868,86.8,-5.0,66.5,0.6,12.5,0,2,0
S0869,66.4,18.2,39.9,-6.5,35.8,0,4,1
S0870,78.0,18.5,61.2,-10.9,73.3,3,5,1
S0871,77.3,1.8,63.8,-7.4,1.4,0,1,0
S0872,42.3,17.2,79.2,-16.6,43.2,2,4,1
S0873,83.6,7.6,62.6,-1.7,7.4,0,0,0
S0874,78.8,-2.7,65.7,5.5,0.1,0,0,0
S0875,96.4,5.0,62.8,-1.5,4.9,0,1,0
S0876,87.3,3.1,51.2,1.7,0.5,0,0,0
S0877,89.6,4.7,60.2,-0.7,0.7,0,0,0
S0878,83.9,0.4,63.4,2.0,0.5,0,1,0
S0879,82.5,9.9,68.9,-0.8,9.3,1,1,0
S0880,83.6,2.5,74.7,0.9,10.0,0,1,0
S0881,73.9,11.9,65.2,-3.9,3.2,2,3,1
S0882,84.3,-1.0,65.0,4.5,3.5,0,1,0
S0883,87.4,6.7,47.4,2.9,9.2,0,0,0
S0884,99.8,2.7,74.5,-6.1,1.4,0,2,0
S0885,75.4,13.4,26.3,-4.8,1.2,1,3,0
S0886,66.3,6.2,77.0,1.1,1.7,0,0,0
S0887,84.2,1.5,83.8,2.8,11.8,0,0,0
S0888,54.3,25.5,53.7,-9.1,46.6,1,3,0
S0889,85.0,18.0,39.0,-3.8,22.9,0,4,1
S0890,78.5,9.4,67.8,7.8,19.0,0,0,0
S0891,89.7,9.2,72.2,0.5,0.2,0,1,0
S0892,79.1,12.4,64.2,7.2,5.5,0,2,0
S0893,63.5,21.9,60.9,-12.7,4.0,1,7,0
S0894,66.8,7.4,33.5,-0.5,7.9,2,3,1
S0895,85.7,0.9,74.0,4.0,6.5,0,1,0
S0896,70.0,3.1,63.8,8.2,2.2,2,1,0
S0897,66.1,-1.5,21.6,-2.8,30.4,2,6,1
S0898,68.5,13.5,73.4,-10.1,2.1,1,5,0
S0899,80.9,10.6,77.1,-14.3,16.0,0,6,0
S0900,88.2,5.4,70.6,1.8,17.3,0,1,0
S0901,75.3,2.9,69.8,-1.8,0.8,0,2,0
S0902,50.0,15.1,46.1,-3.8,102.3,2,7,1
S0903,59.1,29.4,61.4,-13.5,34.9,0,2,0
S0904,98.1,3.4,74.2,-5.7,1.0,1,0,0
S0905,71.3,1.6,75.6,11.9,1.6,1,0,0
S0906,76.3,5.4,69.4,-1.3,14.3,0,2,0
S0907,88.3,0.1,44.3,11.5,6.2,0,1,0
S0908,58.6,28.5,43.2,-7.5,6.2,2,2,1
S0909,51.6,14.0,53.8,-10.0,11.9,0,5,0
S0910,75.0,28.3,37.3,-14.1,9.9,2,5,1
S0911,85.1,2.5,58.5,2.0,4.0,0,0,0
S0912,76.8,8.8,70.8,11.5,2.0,0,1,0
S0913,81.1,2.0,76.2,9.8,15.1,0,1,0
S0914,75.3,2.3,62.1,3.4,23.9,0,0,0
S0915,74.8,-3.1,77.9,-3.7,4.1,0,1,0
S0916,88.2,6.8,46.5,-2.8,4.8,0,1,0
S0917,71.1,13.9,26.7,-10.7,10.7,0,1,0
S0918,54.2,11.5,43.9,-1.5,120.0,4,4,1
S0919,74.6,3.0,57.2,10.2,5.5,0,1,0
S0920,87.4,3.6,86.1,3.0,0.8,0,3,0
S0921,60.2,23.8,24.5,-12.1,18.0,2,2,1
S0922,96.3,1.8,70.8,9.7,2.4,0,0,0
S0923,87.6,7.0,60.3,-2.9,2.0,0,1,0
S0924,94.9,1.1,65.3,2.3,4.8,0,0,0
S0925,73.6,26.2,47.2,-15.2,9.7,1,5,0
S0926,55.4,23.2,54.3,-12.7,10.0,1,4,0
S0927,41.5,4.0,52.4,0.0,19.9,2,2,0
S0928,81.7,-2.2,85.2,-1.6,8.9,0,2,0
S0929,82.9,2.8,55.5,9.1,0.6,0,1,0
S0930,79.2,8.0,59.0,11.6,8.3,1,0,0
S0931,36.5,26.8,45.3,-6.2,110.4,2,4,1
S0932,73.7,1.1,71.4,0.7,1.3,0,1,0
S0933,66.3,-3.9,60.5,-1.0,19.8,0,1,0
S0934,76.5,7.7,68.9,2.0,2.9,0,0,0
S0935,90.0,2.5,75.3,-0.8,2.4,0,0,0
S0936,47.8,19.0,45.0,-6.4,1.8,1,6,0
S0937,74.1,3.5,66.5,4.1,5.9,0,2,0
S0938,61.4,23.4,56.5,-9.9,4.4,1,3,0
S0939,79.9,-2.2,86.3,1.1,12.5,0,2,0
S0940,72.2,23.5,60.0,-5.9,15.2,1,1,0
S0941,57.8,11.5,43.8,-13.2,13.0,2,4,1
S0942,90.3,9.8,71.0,-0.2,4.9,0,1,1
S0943,67.9,3.4,44.9,-7.7,26.7,1,1,0
S0944,83.2,5.3,72.3,-6.9,7.1,0,2,0
S0945,72.1,-1.2,66.8,9.9,4.0,1,1,0
S0946,40.9,23.2,59.7,-7.5,10.8,0,6,0
S0947,72.2,-2.1,67.3,5.1,8.2,0,1,0
S0948,76.6,3.2,82.8,5.6,19.0,0,2,0
S0949,76.7,3.3,53.2,-1.5,7.1,0,1,0
S0950,73.0,14.6,65.1,-2.6,2.1,0,0,0
S0951,95.8,6.2,63.4,-3.2,3.1,0,1,0
S0952,86.1,24.3,59.0,-4.9,4.2,0,2,0
S0953,40.2,9.7,39.9,-10.4,7.3,1,7,1
S0954,43.8,21.4,38.1,-12.2,14.8,1,4,1
S0955,67.1,-5.0,73.2,5.0,3.4,0,1,0
S0956,83.0,-1.2,56.3,-9.8,0.7,0,0,0
S0957,82.5,1.8,48.2,0.1,3.5,1,0,0
S0958,79.8,0.9,71.1,7.8,1.9,0,4,0
S0959,86.8,1.3,61.9,1.1,3.7,0,0,0
S0960,88.2,-3.5,90.1,-2.1,9.1,0,1,0
S0961,87.6,10.0,90.6,-1.3,4.6,0,1,0
S0962,82.5,-4.1,91.9,-13.1,2.3,1,1,0
S0963,85.7,12.6,53.0,2.2,67.2,2,5,1
S0964,57.9,13.7,65.5,-15.1,34.8,2,8,1
S0965,85.1,2.8,78.5,-0.9,11.2,0,0,0
S0966,92.1,-1.9,77.1,-0.3,0.6,0,0,0
S0967,91.3,-3.7,63.7,-9.7,6.9,0,3,0
S0968,55.9,14.8,51.6,-2.8,28.3,0,6,1
S0969,73.5,-0.8,68.0,8.0,0.8,0,2,0
S0970,89.5,32.3,65.6,-2.8,26.0,4,1,1
S0971,42.7,1.9,51.0,-18.0,19.4,1,10,1
S0972,78.4,16.5,52.8,-5.0,1.9,1,6,0
S0973,49.7,5.3,40.9,-9.5,2.2,0,5,0
S0974,93.8,3.9,73.6,-4.0,18.5,1,1,0
S0975,88.2,10.2,70.8,-8.0,0.4,0,0,0
S0976,86.7,0.8,70.2,1.2,0.3,0,1,0
S0977,94.6,-0.6,67.5,4.9,1.4,0,1,0
S0978,88.8,0.3,77.4,5.0,19.3,1,0,0
S0979,85.5,2.0,65.6,6.4,7.1,0,0,0
S0980,62.2,17.9,48.8,-2.2,8.9,2,6,0
S0981,85.9,-1.2,74.8,2.3,12.9,0,2,0
S0982,82.6,-5.0,58.3,0.7,1.6,0,0,0
S0983,78.3,0.2,52.1,1.6,6.7,0,0,0
S0984,90.6,4.8,55.7,0.9,3.4,0,1,0
S0985,75.5,23.3,59.2,-14.5,0.1,2,8,1
S0986,84.6,9.0,66.8,-13.1,4.8,0,2,0
S0987,95.5,12.8,42.4,7.8,8.9,0,1,0
S0988,57.6,13.7,59.5,-11.4,28.7,1,2,1
S0989,84.6,9.9,82.0,-5.4,2.6,0,1,0
S0990,84.7,6.8,62.6,4.4,0.6,0,0,0
S0991,79.2,11.5,66.0,-0.2,5.3,0,2,0
S0992,100.0,12.3,80.5,-0.1,2.1,0,1,0
S0993,84.5,7.8,77.5,-1.8,2.6,2,1,0
S0994,52.4,5.8,56.6,-13.0,16.0,0,7,1
S0995,85.2,2.0,34.7,-2.0,3.8,1,0,0
S0996,69.0,2.8,88.8,-3.5,3.4,0,1,0
S0997,78.9,1.3,75.6,7.7,11.5,0,3,0
S0998,55.5,24.2,42.6,1.5,11.0,1,4,1
S0999,80.0,-0.6,58.6,1.3,7.1,0,1,0
S1000,37.2,21.2,55.0,-12.5,26.8,4,1,1
S1001,46.4,18.5,43.1,-14.3,7.3,0,4,0
S1002,95.7,11.6,64.7,-0.3,1.9,0,1,0
S1003,61.8,5.5,32.5,-6.9,7.5,1,1,0
S1004,47.4,12.9,46.7,-16.3,15.7,4,5,0
S1005,83.1,10.3,67.0,3.1,17.0,1,0,0
S1006,78.6,4.5,65.1,-1.8,0.9,0,3,0
S1007,77.0,10.2,74.3,6.3,3.2,0,1,0
S1008,76.6,-3.2,64.9,4.7,4.7,0,1,0
S1009,80.1,15.0,63.9,4.1,2.4,0,0,0
S1010,76.7,8.4,80.4,-6.0,5.7,0,1,0
S1011,72.5,4.0,83.1,1.5,2.7,0,0,0
S1012,86.8,10.1,81.0,-3.9,3.3,1,1,0
S1013,86.9,-2.8,66.0,1.8,8.8,0,4,0
S1014,98.6,1.6,42.3,-9.6,4.0,1,1,0
S1015,79.7,10.2,66.2,-5.7,7.4,0,1,0
S1016,64.5,5.5,28.8,-8.4,13.4,3,5,1
S1017,87.5,5.8,66.4,3.8,1.5,1,1,0
S1018,83.0,5.7,59.9,0.2,2.5,0,1,0
S1019,74.7,21.1,33.3,-6.3,21.4,0,6,0
S1020,91.2,-4.9,55.5,-3.4,3.2,0,0,0
S1021,87.6,11.0,52.6,3.0,0.4,0,2,0
S1022,83.0,0.2,82.7,0.3,5.5,1,0,0
S1023,82.1,0.8,56.4,9.7,6.7,1,2,0
S1024,74.1,-3.1,68.0,1.1,1.4,0,2,0
S1025,78.6,-2.4,79.5,2.3,13.9,0,1,0
S1026,80.0,5.0,79.0,-4.9,4.0,0,4,0
S1027,76.0,-2.6,77.5,0.2,0.7,0,3,0
S1028,88.5,6.7,71.6,2.9,1.4,0,0,0
S1029,94.6,-0.3,76.7,0.1,4.4,0,0,0
S1030,77.7,-3.1,84.5,-0.4,0.7,0,0,0
S1031,87.3,0.4,73.1,3.6,3.5,0,1,0
S1032,76.7,4.7,46.0,9.6,12.5,0,1,0
S1033,82.6,1.6,61.7,2.7,17.8,0,1,0
S1034,79.5,3.2,76.4,7.7,10.8,0,1,0
S1035,89.8,6.5,60.5,5.1,3.4,0,0,0
S1036,79.6,8.4,87.4,7.4,10.1,1,0,0
S1037,93.1,1.4,67.2,-1.0,7.0,0,3,0
S1038,83.0,-2.2,69.0,1.0,8.4,0,1,0
S1039,79.8,3.4,81.5,1.0,6.2,0,1,0
S1040,81.2,7.9,60.5,-7.1,7.9,0,3,1
S1041,71.7,10.1,50.5,-6.5,0.1,1,5,0
S1042,92.2,-1.5,78.8,2.6,6.2,1,1,0
S1043,87.2,-0.6,50.3,6.4,8.0,1,2,0
S1044,100.0,2.0,64.6,-0.8,0.9,0,0,0
S1045,81.0,14.6,35.4,-4.7,115.4,2,4,1
S1046,82.5,6.5,68.8,7.1,0.9,0,2,0
S1047,85.3,9.9,46.2,4.1,17.1,0,2,0
S1048,88.8,-4.9,49.1,2.7,0.3,0,2,0
S1049,78.3,1.3,47.7,5.6,12.2,1,0,0
S1050,59.7,17.4,45.9,-2.6,54.6,4,4,0
S1051,87.9,-4.3,78.4,3.0,5.4,0,0,0
S1052,87.9,14.1,45.2,0.9,11.5,2,2,0
S1053,67.0,1.7,45.8,-10.1,48.7,2,4,0
S1054,75.3,9.0,42.0,-5.9,0.8,0,4,0
S1055,65.7,10.7,62.0,-7.6,46.9,1,4,0
S1056,84.1,-0.3,59.5,-0.1,8.5,0,0,0
S1057,97.1,10.4,70.3,2.2,2.9,0,2,0
S1058,84.1,25.4,50.0,-3.5,25.5,0,6,0
S1059,82.4,-1.0,54.0,2.4,2.6,0,0,0
S1060,85.0,3.5,65.6,2.3,13.1,0,0,0
S1061,86.6,3.6,65.1,-2.1,5.3,0,0,0
S1062,87.9,9.1,73.0,4.8,14.8,1,0,0
S1063,61.0,7.6,49.9,-2.3,6.2,4,3,1
S1064,72.7,6.8,61.4,13.4,9.5,0,2,0
S1065,77.9,3.2,83.0,1.5,7.3,0,2,0
S1066,77.3,10.5,61.5,-3.9,1.2,0,3,1
S1067,79.8,9.5,64.5,-2.9,1.7,0,1,0
S1068,90.1,4.0,48.9,7.7,2.3,0,1,0
S1069,79.2,12.2,47.5,-9.9,12.2,2,2,0
S1070,86.6,5.5,74.2,-4.8,11.4,0,1,0
S1071,75.2,2.1,71.8,6.3,6.1,0,2,1
S1072,81.3,11.4,75.2,-0.1,3.7,0,2,0
S1073,89.7,3.4,74.6,5.3,1.3,0,1,0
S1074,89.8,1.0,93.1,6.7,3.8,1,0,0
S1075,79.2,0.7,59.0,3.4,16.5,0,1,0
S1076,86.3,-3.1,48.6,14.0,6.2,1,0,0
S1077,100.0,5.8,55.4,-6.6,2.1,0,0,0
S1078,84.9,-1.1,59.6,-2.1,7.9,1,2,0
S1079,79.5,8.5,56.3,0.7,0.8,0,1,0
S1080,83.6,-3.5,69.1,13.3,6.9,0,0,0
S1081,70.7,15.1,61.1,3.9,13.3,2,4,0
S1082,83.8,8.8,86.5,8.4,0.1,1,0,0
S1083,84.7,-5.0,74.1,-2.0,4.5,0,1,0
S1084,73.5,13.1,93.7,-1.4,8.1,1,1,0
S1085,77.3,0.9,63.7,-2.1,8.3,0,1,0
S1086,83.8,3.7,48.4,-1.9,10.9,0,0,0
S1087,83.7,5.9,80.6,9.5,4.0,0,1,0
S1088,80.5,6.6,45.9,0.8,3.0,1,1,0
S1089,83.6,4.4,58.9,1.4,6.6,0,1,0
S1090,85.5,8.0,74.2,5.9,11.4,0,2,0
S1091,40.5,19.7,52.7,1.8,11.9,0,3,1
S1092,84.2,11.8,65.7,2.3,9.1,0,1,0
S1093,57.9,18.5,46.0,-8.9,42.1,0,8,1
S1094,34.8,8.9,62.3,-4.1,2.1,1,5,1
S1095,89.6,7.5,80.0,-0.9,2.7,0,1,0
S1096,88.0,-5.0,68.2,-1.2,8.8,0,2,1
S1097,34.6,16.0,45.4,-0.1,29.7,1,3,1
S1098,90.7,0.1,53.0,3.1,2.2,1,0,0
S1099,89.7,10.5,58.3,0.9,18.8,0,0,0
S1100,84.9,3.3,43.6,-10.7,33.9,0,7,1
S1101,69.0,27.0,63.1,0.7,2.0,2,4,0
S1102,93.5,-0.4,58.4,5.4,4.1,0,1,0
S1103,79.8,6.1,41.5,1.0,3.6,0,3,0
S1104,80.0,1.7,73.0,-0.4,6.6,1,2,0
S1105,79.9,7.8,34.3,-9.1,47.1,2,6,0
S1106,88.3,5.2,76.3,0.8,6.6,0,0,0
S1107,66.8,24.7,51.6,-5.9,19.8,0,1,1
S1108,84.4,-5.0,56.1,1.7,3.0,0,0,0
S1109,84.2,2.6,69.8,-3.7,2.6,0,3,0
S1110,70.6,15.6,40.7,-2.4,10.3,2,3,1
S1111,95.8,20.9,36.2,-7.3,59.2,3,4,1
S1112,83.7,7.8,69.6,3.4,5.7,0,1,0
S1113,83.7,1.2,72.3,-1.0,1.8,0,0,0
S1114,96.3,3.2,47.0,8.4,4.2,0,0,0
S1115,75.3,8.9,54.5,-1.0,8.0,0,0,0
S1116,69.3,13.3,55.4,-5.8,16.3,2,2,1
S1117,52.6,17.2,26.6,-3.6,38.0,4,0,1
S1118,81.2,1.3,86.3,0.5,1.1,0,1,0
S1119,81.7,7.2,71.3,-7.0,67.8,1,2,0
S1120,80.9,4.7,69.6,2.8,9.1,0,3,1
S1121,93.9,9.1,49.4,13.4,8.9,0,1,0
S1122,77.6,17.9,53.9,-4.4,6.6,0,9,0
S1123,85.6,2.3,89.5,3.3,5.0,0,2,0
S1124,68.8,5.6,34.5,3.5,15.5,0,2,0
S1125,93.2,7.3,61.2,-5.6,1.6,1,2,0
S1126,84.8,2.6,46.9,-6.2,4.1,0,0,0
S1127,78.5,-0.5,84.6,-2.0,1.9,1,0,0
S1128,71.3,-0.2,67.2,6.1,0.6,0,0,0
S1129,81.5,7.2,46.9,-6.0,7.3,0,1,0
S1130,91.0,2.8,56.9,5.0,20.6,0,3,0
S1131,100.0,-2.2,52.7,4.6,3.3,1,3,0
S1132,85.5,-5.0,66.4,12.1,3.1,0,0,0
S1133,70.6,21.5,51.0,-3.9,41.7,3,4,0
S1134,75.5,0.3,62.0,3.8,1.2,0,1,0
S1135,89.4,4.7,77.3,8.8,4.8,0,0,0
S1136,70.9,9.2,68.9,4.7,6.1,0,0,0
S1137,89.4,-3.5,80.7,-0.3,1.2,0,1,0
S1138,91.5,2.8,63.7,-3.7,3.7,0,0,0
S1139,37.2,16.3,51.9,-1.1,28.5,0,4,0
S1140,83.2,4.9,61.2,1.8,1.2,0,1,0
S1141,89.5,9.2,57.2,2.9,6.9,0,2,0
S1142,86.4,-3.6,55.7,-8.7,4.5,0,4,0
S1143,78.8,5.8,65.5,0.9,0.7,0,0,0
S1144,99.8,8.2,47.4,2.1,2.7,0,0,0
S1145,82.2,2.1,71.5,4.7,2.8,0,0,0
S1146,91.2,2.3,45.1,10.1,1.6,0,2,0
S1147,65.7,5.1,69.9,2.9,4.7,0,2,1
S1148,95.2,4.7,51.8,-2.5,0.3,0,0,1
S1149,96.8,5.9,63.4,-7.1,16.4,0,0,0
S1150,85.2,5.8,75.3,5.4,3.0,0,0,0
S1151,40.6,21.4,78.4,-14.8,30.7,1,6,0
S1152,89.5,8.0,55.1,6.3,2.1,0,1,0
S1153,55.6,8.5,43.5,4.1,89.5,1,3,1
S1154,58.5,25.6,45.2,-12.9,30.2,0,2,1
S1155,78.5,-4.5,57.6,4.8,3.8,0,2,0
S1156,54.5,10.9,45.7,-6.4,20.7,2,5,1
S1157,63.9,13.1,48.3,-0.4,12.4,0,4,0
S1158,77.0,13.2,10.0,-5.2,10.6,2,3,1
S1159,79.3,1.2,95.0,-2.3,3.1,0,1,0
S1160,79.1,-4.0,73.0,-4.4,11.1,0,2,0
S1161,54.4,34.3,63.5,-6.5,26.8,0,3,1
S1162,90.9,3.8,63.6,4.1,4.3,0,2,0
S1163,77.0,-5.0,58.4,-11.5,10.8,0,0,0
S1164,67.0,0.5,60.6,0.5,16.3,1,3,0
S1165,56.3,10.1,35.7,-0.6,7.0,2,3,1
S1166,84.3,5.6,51.9,2.7,8.7,0,3,0
S1167,93.1,1.0,60.9,2.7,2.7,0,1,0
S1168,82.6,-1.0,76.2,0.2,6.2,0,0,0
S1169,83.3,-0.9,82.8,-3.3,7.6,0,0,0
S1170,63.4,29.3,68.2,-18.2,14.4,2,8,1
S1171,93.1,3.1,74.4,2.3,12.5,1,1,0
S1172,78.9,3.7,67.0,5.1,0.8,1,0,0
S1173,63.2,-5.0,40.3,-15.6,7.9,4,6,1
S1174,84.4,0.9,54.3,2.4,10.0,0,1,0
S1175,76.6,1.2,45.9,7.5,2.8,0,1,0
S1176,80.1,15.5,73.2,0.1,0.1,0,0,0
S1177,96.1,-0.9,55.9,-5.2,6.6,0,0,0
S1178,86.6,0.2,67.2,4.4,8.9,0,1,0
S1179,73.3,16.9,53.3,-2.7,15.2,1,6,0
S1180,55.8,18.7,40.4,-6.1,102.2,1,5,1
S1181,83.8,-3.9,79.3,-4.3,8.5,0,3,0
S1182,62.8,-0.9,72.5,4.6,29.2,2,2,0
S1183,50.4,19.5,42.4,-11.9,35.8,1,5,1
S1184,50.6,28.0,26.1,-24.2,17.5,2,3,1
S1185,84.3,23.0,56.5,-13.3,47.9,1,4,0
S1186,70.3,0.8,60.8,7.4,0.2,0,0,0
S1187,85.8,11.0,65.6,-3.5,4.7,1,0,0
S1188,100.0,5.8,99.4,13.3,3.0,1,0,0
S1189,68.1,1.3,44.1,-15.5,50.6,2,2,1
S1190,71.1,5.2,73.4,10.6,1.0,0,0,0
S1191,81.8,0.8,59.5,1.1,2.6,0,2,0
S1192,96.6,6.1,80.2,9.9,3.7,1,1,0
S1193,88.0,9.0,77.1,-1.7,0.2,0,1,0
S1194,78.3,3.7,77.2,2.1,0.5,0,0,0
S1195,79.5,12.0,70.6,6.0,17.8,0,2,0
S1196,55.8,12.6,51.8,-5.4,32.8,0,7,1
S1197,67.8,-1.6,35.3,-6.7,7.1,2,5,0
S1198,95.7,4.3,71.4,-0.4,5.8,0,1,0
S1199,61.5,14.1,58.3,-5.9,18.4,1,3,0
S1200,88.6,-3.3,78.7,8.2,1.5,0,2,0
S1201,74.3,2.5,57.2,-1.5,14.9,0,0,0
S1202,74.4,4.1,59.4,4.9,0.1,0,1,0
S1203,89.3,0.9,67.4,0.9,6.0,0,1,0
S1204,74.2,4.7,47.1,3.0,5.8,0,1,0
S1205,58.1,22.0,57.9,-15.1,0.3,2,5,1
S1206,65.7,13.2,16.1,-9.5,11.2,2,4,1
S1207,75.9,6.3,62.3,0.7,7.9,0,1,0
S1208,76.8,3.8,65.4,2.7,3.6,1,1,1
S1209,63.7,8.8,44.7,-0.6,56.8,0,6,0
S1210,89.0,12.0,63.9,9.9,5.8,1,0,0
S1211,93.5,2.3,67.2,7.0,2.6,0,0,0
S1212,89.9,2.6,67.3,3.4,3.7,0,2,0
S1213,85.6,1.3,62.6,-1.8,5.0,0,0,0
S1214,79.0,0.6,58.7,-2.1,2.0,1,1,0
S1215,60.6,11.4,48.5,-7.8,20.3,2,1,0
S1216,80.9,9.9,42.7,-3.0,1.6,2,0,0
S1217,88.3,5.2,65.5,2.6,0.6,0,2,0
S1218,87.7,2.5,62.4,3.8,2.2,0,1,1
S1219,68.2,6.1,73.0,0.4,0.6,0,0,0
S1220,70.4,20.8,52.9,-1.4,63.8,0,6,1
S1221,81.3,9.7,52.0,-5.8,49.1,0,6,0
S1222,60.9,29.2,59.0,-7.3,80.6,2,5,1
S1223,73.7,0.8,80.8,-1.5,0.2,0,1,0
S1224,100.0,4.3,72.0,8.6,24.3,0,1,0
S1225,43.2,6.1,79.6,-18.4,12.2,1,3,1
S1226,88.1,6.0,62.2,-0.6,2.7,0,1,0
S1227,88.2,-0.1,78.6,2.5,0.8,0,0,0
S1228,82.1,6.6,53.6,5.3,5.8,0,0,0
S1229,79.2,-1.5,67.1,0.3,4.8,1,0,0
S1230,37.3,6.8,57.7,-3.6,5.9,2,6,1
S1231,46.1,28.5,37.7,1.7,2.7,2,4,1
S1232,91.6,-2.4,100.0,7.9,24.1,0,1,0
S1233,63.1,11.8,47.9,-0.2,26.5,0,6,0
S1234,77.0,-1.8,73.4,1.8,11.7,1,0,0
S1235,83.6,19.3,60.5,-11.4,41.8,2,3,0
S1236,77.4,31.6,58.3,-11.8,1.3,0,4,0
S1237,70.9,16.0,65.2,-3.0,18.5,1,3,0
S1238,71.9,2.1,60.9,-1.8,9.2,0,2,1
S1239,69.5,9.1,65.6,-5.7,8.9,0,5,0
S1240,51.9,-0.8,32.3,-8.5,11.4,2,6,0
S1241,78.5,7.2,54.3,-5.7,2.6,0,0,0
S1242,69.1,6.7,80.4,-2.5,5.1,0,1,0
S1243,89.3,5.7,61.4,0.1,1.4,0,1,0
S1244,80.6,14.2,65.6,-2.9,14.8,3,4,0
S1245,96.1,0.4,89.2,1.4,0.1,0,0,0
S1246,61.5,15.8,43.8,-16.5,7.8,1,5,1
S1247,85.1,9.4,65.0,8.2,0.3,0,0,0
S1248,23.9,17.4,57.4,-11.0,27.0,1,5,1
S1249,94.0,-0.5,66.3,-6.1,6.6,0,2,0
S1250,82.3,3.2,66.0,-2.3,7.9,0,0,0
S1251,63.3,20.9,32.5,-7.5,11.9,1,3,0
S1252,73.9,-5.0,42.6,-15.7,10.1,1,2,1
S1253,63.0,17.1,65.3,7.0,7.5,1,4,0
S1254,83.9,0.9,72.4,3.0,7.2,0,0,0
S1255,62.0,1.9,40.4,-4.0,98.2,1,3,0
S1256,96.0,-4.4,62.2,7.2,3.1,0,2,0
S1257,94.7,-4.8,68.2,7.3,10.4,0,2,0
S1258,88.8,1.1,46.0,-0.1,3.0,1,0,0
S1259,98.8,2.6,73.5,1.5,6.3,0,1,0
S1260,81.9,-1.4,69.9,0.5,1.6,0,0,0
S1261,66.5,15.2,30.5,-14.3,62.9,2,3,1
S1262,89.3,2.7,68.1,9.4,3.6,0,4,0
S1263,100.0,5.9,56.7,5.7,2.9,0,1,0
S1264,75.5,2.1,67.4,0.3,3.6,1,3,1
S1265,79.5,-0.9,64.1,8.5,5.0,0,2,0
S1266,88.4,3.6,73.2,-1.2,13.0,0,0,0
S1267,51.3,0.3,67.0,-8.9,3.5,4,2,1
S1268,100.0,5.7,52.9,7.0,6.0,0,0,0
S1269,79.7,-1.7,48.4,-4.4,0.6,0,1,0
S1270,92.2,7.6,71.2,1.0,10.3,0,1,0
S1271,94.3,1.3,84.6,3.0,8.1,0,0,0
S1272,90.6,8.3,69.0,3.9,0.2,1,1,0
S1273,77.3,-2.6,77.8,6.2,16.6,0,0,0
S1274,96.3,-0.4,80.2,4.9,2.3,0,0,0
S1275,63.6,11.3,46.7,0.8,13.2,2,5,1
S1276,89.8,8.9,58.2,-2.0,17.5,0,1,0
S1277,50.8,17.6,60.3,-2.5,84.0,3,3,1
S1278,60.7,19.3,69.4,-0.5,4.5,1,4,0
S1279,84.4,12.2,74.4,9.8,6.8,0,0,0
S1280,90.1,1.6,77.0,-5.0,2.0,0,1,0
S1281,85.2,8.5,62.4,0.3,10.9,0,2,0
S1282,78.2,-1.7,65.6,-4.6,6.3,0,4,0
S1283,76.6,5.1,66.6,-1.7,5.9,0,1,0
S1284,79.0,-5.0,67.4,2.1,5.8,0,1,0
S1285,86.8,-2.6,82.0,-0.6,4.7,0,0,0
S1286,84.8,5.3,39.8,7.7,9.1,0,2,0
S1287,86.7,-3.6,68.4,3.1,1.2,0,0,0
S1288,89.0,5.1,67.0,-0.3,3.6,0,1,0
S1289,80.0,7.5,51.5,1.3,3.3,0,0,0
S1290,96.7,0.5,76.1,8.1,3.7,0,1,0
S1291,82.9,-1.8,59.3,6.5,8.1,0,0,0
S1292,81.5,0.6,63.7,-3.7,6.4,1,1,0
S1293,88.9,-1.8,90.2,-1.4,4.1,0,0,0
S1294,70.3,2.5,80.1,4.4,5.0,0,2,0
S1295,78.7,3.5,74.9,3.8,8.7,0,3,0
S1296,92.8,1.5,72.6,-3.3,14.7,0,1,0
S1297,72.9,7.2,50.7,-4.4,2.5,2,5,0
S1298,68.6,12.5,65.8,-14.2,66.2,4,4,1
S1299,97.1,10.0,77.6,8.5,2.8,0,1,0
S1300,82.0,-2.2,59.0,4.6,11.9,0,0,0
S1301,54.3,33.3,68.4,-1.2,35.1,1,5,1
S1302,94.0,8.9,74.8,-0.6,1.8,0,2,0
S1303,81.3,8.7,67.3,-0.7,6.7,1,2,0
S1304,76.4,29.4,41.1,-12.9,62.8,2,2,1
S1305,79.6,5.8,73.1,1.0,2.2,0,1,0
S1306,81.2,5.1,64.8,-3.7,5.7,0,1,0
S1307,78.6,0.3,74.4,-5.0,3.4,0,2,1
S1308,87.7,6.1,73.3,4.7,0.8,0,2,0
S1309,75.6,13.2,43.4,-11.7,6.3,0,7,0
S1310,83.5,5.4,75.6,2.5,3.8,0,1,0
S1311,74.8,5.8,62.0,3.4,1.5,0,1,0
S1312,76.3,6.4,62.8,-1.1,1.7,0,0,0
S1313,88.2,-4.3,61.6,2.9,3.6,0,0,0
S1314,61.7,22.9,30.5,-10.5,83.9,4,6,1
S1315,58.0,34.3,28.2,-12.1,0.6,1,4,1
S1316,81.9,0.1,84.5,0.6,0.2,1,0,0
S1317,91.1,13.8,89.4,-0.6,0.5,0,0,0
S1318,57.5,15.4,35.0,-7.8,7.4,2,2,0
S1319,82.0,-0.7,32.9,7.3,1.9,0,0,0
S1320,77.3,8.8,80.5,5.9,10.0,0,0,0
S1321,96.3,-1.7,63.9,-0.7,1.5,0,0,0
S1322,64.7,0.8,57.6,-5.2,8.9,0,0,0
S1323,71.0,4.5,52.1,-3.1,27.1,4,4,1
S1324,81.3,3.2,63.0,4.2,4.2,0,1,0
S1325,81.7,-4.8,83.6,1.6,4.1,0,1,0
S1326,98.5,5.7,69.9,5.5,4.1,0,0,0
S1327,79.3,1.0,83.4,2.4,6.6,0,0,0
S1328,79.6,10.7,73.9,6.8,0.3,2,1,0
S1329,55.9,8.2,32.3,-3.9,14.9,2,4,1
S1330,57.7,25.0,45.5,-12.2,3.9,1,4,1
S1331,81.5,11.9,74.7,-8.4,14.3,0,0,0
S1332,72.4,-1.3,77.8,-4.2,3.6,0,1,0
S1333,78.1,2.0,80.0,0.2,8.3,0,0,0
S1334,95.3,4.9,64.9,7.4,1.1,0,2,0
S1335,85.6,-1.3,70.1,11.4,0.5,0,0,0
S1336,88.6,4.4,75.0,1.2,4.0,1,3,0
S1337,71.8,32.2,65.7,0.7,14.9,1,1,0
S1338,79.7,1.8,54.4,-7.8,2.7,0,3,0
S1339,98.4,3.2,58.3,6.3,5.0,0,0,0
S1340,83.5,3.4,65.1,-0.8,1.7,1,3,0
S1341,60.4,10.2,60.0,-7.1,14.5,1,3,1
S1342,93.8,0.0,83.1,-1.7,1.4,0,2,0
S1343,79.2,0.2,51.7,12.5,6.4,0,0,0
S1344,80.2,2.4,60.8,5.7,15.6,0,0,0
S1345,85.1,2.8,63.7,-3.1,2.0,1,0,0
S1346,85.0,0.8,77.5,3.2,6.4,0,0,0
S1347,87.1,4.6,61.7,5.9,1.5,0,2,0
S1348,100.0,-5.0,62.8,0.9,10.6,0,1,0
S1349,87.7,-0.7,51.1,6.2,1.0,1,2,0
S1350,44.7,5.9,56.3,-7.0,14.7,4,2,1
S1351,87.6,-1.3,66.1,5.0,8.9,0,3,0
S1352,85.3,11.1,60.2,1.9,3.0,0,0,0
S1353,58.1,18.6,55.5,-5.1,15.1,2,3,1
S1354,87.0,3.9,81.5,1.6,20.9,1,0,0
S1355,84.8,0.6,55.9,2.9,1.5,0,0,0
S1356,56.5,10.7,44.2,-7.4,12.8,2,2,1
S1357,89.9,-3.1,83.0,2.8,21.4,0,1,0
S1358,80.7,2.2,68.9,1.5,3.8,0,1,0
S1359,77.4,-1.7,76.0,-4.5,0.6,0,0,0
S1360,75.8,16.7,30.6,-4.4,13.8,0,5,0
S1361,79.3,-5.0,67.6,0.4,0.5,0,1,0
S1362,85.8,-2.6,63.8,11.7,9.9,0,1,0
S1363,73.0,10.3,78.0,3.1,7.2,1,2,0
S1364,49.6,12.4,48.7,1.1,9.6,3,6,1
S1365,77.5,9.6,81.0,1.4,1.0,0,2,0
S1366,81.5,9.9,53.8,-7.4,17.0,0,0,0
S1367,89.8,21.7,52.7,0.5,24.6,1,1,1
S1368,90.9,34.2,59.1,-10.0,120.0,0,5,1
S1369,40.7,10.9,26.8,-5.0,11.9,1,3,1
S1370,70.8,8.7,66.0,-3.3,12.1,0,0,0
S1371,51.2,5.1,28.2,-4.2,46.7,1,6,1
S1372,75.5,15.5,74.5,7.3,7.7,1,2,0
S1373,97.2,1.2,64.9,6.7,2.7,1,1,0
S1374,93.2,12.9,78.1,9.9,6.4,0,2,0
S1375,89.6,2.2,69.7,10.6,16.1,0,0,1
S1376,62.5,-1.8,28.5,-7.7,5.4,1,3,1
S1377,86.2,11.5,59.5,-4.0,0.7,0,1,0
S1378,81.2,-2.1,72.9,-7.0,0.5,0,1,0
S1379,85.2,0.6,67.0,5.2,13.0,0,1,0
S1380,83.0,-2.2,51.5,-1.5,20.6,0,5,0
S1381,68.7,-3.1,78.2,-0.4,11.2,0,3,0
S1382,79.3,11.8,36.5,-0.6,33.5,1,5,0
S1383,84.4,2.0,87.1,3.9,2.9,0,0,0
S1384,81.1,3.3,51.2,-5.4,3.0,1,2,0
S1385,80.5,5.8,65.8,-4.3,12.3,0,1,0
S1386,49.4,19.9,64.3,-9.6,5.6,2,1,1
S1387,77.8,9.4,56.3,8.0,4.9,0,4,0
S1388,67.0,1.3,62.2,1.9,1.7,0,1,1
S1389,88.3,5.7,89.2,-2.0,1.5,2,0,0
S1390,77.7,13.7,69.1,-11.4,11.4,0,5,0
S1391,83.4,9.9,58.5,6.8,0.9,1,0,0
S1392,75.8,2.5,46.1,-1.7,2.3,0,0,0
S1393,83.2,19.2,34.5,-12.4,6.4,1,2,0
S1394,67.4,2.4,43.2,-5.6,82.6,2,4,1
S1395,76.8,4.0,60.4,-5.2,11.3,0,0,0
S1396,86.1,11.8,31.6,-6.9,58.0,1,8,1
S1397,91.8,3.7,40.7,0.8,12.2,0,0,0
S1398,82.1,1.2,66.9,-4.0,2.4,0,3,0
S1399,81.4,-3.7,80.3,2.9,7.0,0,2,0
S1400,100.0,6.4,87.5,0.8,10.1,0,0,0
S1401,87.8,0.2,45.3,13.1,0.8,0,2,0
S1402,72.9,23.6,56.0,-4.6,55.7,0,2,0
S1403,82.0,0.7,57.7,2.8,15.2,0,3,0
S1404,80.2,9.2,69.7,2.9,5.2,0,0,0
S1405,48.8,9.1,76.6,-3.4,27.2,2,2,0
S1406,46.4,0.8,49.7,-8.2,11.1,1,3,1
S1407,88.6,0.8,68.5,5.8,1.0,0,0,0
S1408,85.4,24.6,61.6,-8.8,62.9,2,3,1
S1409,83.9,9.7,87.1,8.9,10.9,0,0,0
S1410,90.9,6.2,67.8,-8.9,8.1,0,0,0
S1411,72.6,6.4,72.8,-2.2,1.1,0,1,0
S1412,80.3,6.0,59.0,9.4,6.0,0,0,0
S1413,75.9,-3.9,51.6,6.6,0.4,0,1,0
S1414,99.2,-1.4,60.7,4.7,11.2,0,1,0
S1415,65.6,3.8,48.4,-1.8,50.6,2,3,0
S1416,67.4,-0.6,75.6,-7.6,0.9,1,1,0
S1417,72.9,-2.3,71.3,6.0,5.3,0,1,0
S1418,83.9,-5.0,56.3,7.3,3.0,0,1,0
S1419,81.2,-3.7,78.9,-1.3,4.8,0,1,0
S1420,74.4,1.7,51.7,15.1,13.1,0,0,0
S1421,100.0,2.7,49.2,3.0,10.6,1,0,0
S1422,87.5,-1.0,61.3,-9.0,10.2,0,2,0
S1423,88.8,3.4,91.5,3.9,11.6,0,2,0
S1424,79.5,0.8,90.8,-1.6,2.7,0,0,0
S1425,90.8,8.5,62.6,7.8,23.9,1,1,0
S1426,82.0,2.2,59.9,4.7,3.3,0,0,1
S1427,71.2,16.9,47.9,-5.6,48.1,2,4,1
S1428,66.0,29.8,42.9,-12.1,2.6,0,3,1
S1429,72.0,-4.0,69.9,6.7,1.4,0,4,0
S1430,97.8,2.5,77.5,-2.1,4.4,0,1,1
S1431,86.5,-3.2,78.9,1.2,0.0,0,2,0
S1432,95.2,2.5,65.6,4.6,5.2,1,1,0
S1433,62.7,30.0,33.9,-0.4,0.3,3,7,1
S1434,54.7,23.5,59.2,0.0,6.6,1,5,0
S1435,54.7,14.2,57.6,-12.1,7.4,1,10,1
S1436,87.0,3.1,61.9,-3.3,5.1,0,2,0
S1437,77.7,18.6,61.6,-10.0,0.8,0,2,0
S1438,81.3,7.5,72.5,3.2,16.0,0,0,0
S1439,76.9,-0.8,68.8,-7.9,0.2,0,0,0
S1440,74.9,3.1,77.5,-3.0,5.8,0,1,0
S1441,56.2,14.4,77.4,-0.5,8.0,1,7,0
S1442,44.3,11.4,30.2,-6.4,16.3,2,3,1
S1443,78.3,12.7,31.5,7.0,78.8,1,4,0
S1444,56.5,15.1,57.3,-5.1,22.1,3,4,1
S1445,58.3,27.7,71.1,-7.6,101.4,2,5,1
S1446,95.2,1.6,63.5,-4.6,1.4,0,1,0
S1447,80.7,-5.0,83.7,-1.3,6.6,2,1,0
S1448,87.0,0.1,69.7,3.9,5.9,1,1,0
S1449,84.6,-5.0,80.4,1.7,1.4,1,1,0
S1450,71.6,24.9,25.6,-8.5,71.6,4,3,1
S1451,96.4,7.0,61.6,6.8,13.5,0,2,0
S1452,83.9,-1.6,69.6,0.7,0.1,0,0,0
S1453,91.0,0.6,76.8,-7.3,1.4,0,1,0
S1454,79.0,7.6,82.3,-1.8,2.5,0,2,0
S1455,83.7,-5.0,66.4,1.5,3.7,0,1,0
S1456,91.2,16.5,47.9,-6.4,10.3,1,2,0
S1457,86.1,14.5,57.4,-9.5,13.0,3,5,1
S1458,87.5,-0.8,64.1,2.3,1.0,0,0,0
S1459,87.9,1.5,39.9,14.2,5.9,1,2,0
S1460,95.9,-3.3,89.5,-0.4,8.4,0,1,0
S1461,94.3,4.1,75.2,2.0,5.3,0,0,0
S1462,91.1,2.3,60.4,-4.6,1.2,0,3,0
S1463,46.2,35.7,61.6,-5.4,16.3,0,4,1
S1464,79.4,4.0,80.3,6.4,0.1,0,0,0
S1465,77.0,4.0,54.6,6.0,25.4,0,0,0
S1466,90.8,-4.2,55.8,8.8,11.0,0,1,0
S1467,86.4,5.5,58.8,-0.1,1.6,0,0,0
S1468,67.9,21.2,43.7,-8.7,47.9,2,5,1
S1469,83.5,2.2,75.4,10.5,2.4,1,0,1
S1470,59.6,15.4,41.0,-12.8,16.1,4,3,1
S1471,84.6,-0.6,80.5,-9.1,7.1,0,0,0
S1472,76.2,8.5,31.6,-11.1,5.1,2,3,1
S1473,80.5,12.0,37.1,-10.4,48.9,0,4,1
S1474,88.0,6.8,59.9,6.5,0.5,1,1,0
S1475,100.0,-1.9,46.1,4.0,8.9,0,1,0
S1476,91.8,-5.0,59.9,-6.7,4.7,0,3,0
S1477,81.6,8.4,58.3,3.3,4.4,0,1,0
S1478,91.5,3.6,60.4,3.1,3.3,0,2,0
S1479,73.8,-0.7,56.5,3.8,10.4,0,3,0
S1480,77.3,8.9,62.5,4.9,13.6,0,1,0
S1481,87.7,-1.3,75.4,9.5,0.9,0,2,0
S1482,81.7,2.1,49.1,-3.9,12.2,0,2,0
S1483,84.7,5.6,47.3,2.1,0.1,1,1,0
S1484,59.9,-5.0,70.7,-7.6,39.0,0,12,0
S1485,85.8,2.5,58.5,13.2,1.7,0,0,0
S1486,67.2,-0.6,72.8,-7.1,2.9,2,3,0
S1487,88.4,4.1,65.5,3.0,0.5,0,1,0
S1488,85.2,9.2,59.3,4.2,7.7,0,3,0
S1489,96.2,8.7,76.6,3.3,2.9,0,1,0
S1490,85.1,3.0,79.5,2.1,7.2,0,0,0
S1491,47.6,-4.2,66.9,-11.9,29.3,2,3,0
S1492,83.0,-2.5,58.2,-1.7,3.4,0,1,0
S1493,74.2,6.8,71.2,7.8,5.1,0,0,0
S1494,88.2,-4.8,65.2,1.4,0.5,0,0,0
S1495,89.7,1.4,65.1,-5.4,7.2,0,3,0
S1496,100.0,4.7,61.9,1.1,0.6,0,0,0
S1497,80.0,10.3,79.1,-0.7,0.7,0,1,0
S1498,82.9,0.1,71.0,4.9,0.7,0,1,0
S1499,80.4,-0.2,80.4,2.5,5.5,0,2,0
S1500,86.7,2.7,84.0,-3.1,1.6,1,1,0
